ID_Data;Data;Rok;Miesiac;NumerMiesiaca;Dzien;DzienTygodnia;NumerDniaTygodnia;Weekend;Swieto;Wakacje
1;2022-01-01;2022;January;1;1;Saturday;6;weekend;Nowy Rok;brak wakacji
2;2022-01-02;2022;January;1;2;Sunday;7;weekend;brak święta;brak wakacji
3;2022-01-03;2022;January;1;3;Monday;1;dzień pracujący;brak święta;brak wakacji
4;2022-01-04;2022;January;1;4;Tuesday;2;dzień pracujący;brak święta;brak wakacji
5;2022-01-05;2022;January;1;5;Wednesday;3;dzień pracujący;brak święta;brak wakacji
6;2022-01-06;2022;January;1;6;Thursday;4;dzień pracujący;Święto Trzech Króli;brak wakacji
7;2022-01-07;2022;January;1;7;Friday;5;dzień pracujący;brak święta;brak wakacji
8;2022-01-08;2022;January;1;8;Saturday;6;weekend;brak święta;brak wakacji
9;2022-01-09;2022;January;1;9;Sunday;7;weekend;brak święta;brak wakacji
10;2022-01-10;2022;January;1;10;Monday;1;dzień pracujący;brak święta;brak wakacji
11;2022-01-11;2022;January;1;11;Tuesday;2;dzień pracujący;brak święta;brak wakacji
12;2022-01-12;2022;January;1;12;Wednesday;3;dzień pracujący;brak święta;brak wakacji
13;2022-01-13;2022;January;1;13;Thursday;4;dzień pracujący;brak święta;brak wakacji
14;2022-01-14;2022;January;1;14;Friday;5;dzień pracujący;brak święta;brak wakacji
15;2022-01-15;2022;January;1;15;Saturday;6;weekend;brak święta;brak wakacji
16;2022-01-16;2022;January;1;16;Sunday;7;weekend;brak święta;brak wakacji
17;2022-01-17;2022;January;1;17;Monday;1;dzień pracujący;brak święta;brak wakacji
18;2022-01-18;2022;January;1;18;Tuesday;2;dzień pracujący;brak święta;brak wakacji
19;2022-01-19;2022;January;1;19;Wednesday;3;dzień pracujący;brak święta;brak wakacji
20;2022-01-20;2022;January;1;20;Thursday;4;dzień pracujący;brak święta;brak wakacji
21;2022-01-21;2022;January;1;21;Friday;5;dzień pracujący;brak święta;brak wakacji
22;2022-01-22;2022;January;1;22;Saturday;6;weekend;brak święta;brak wakacji
23;2022-01-23;2022;January;1;23;Sunday;7;weekend;brak święta;brak wakacji
24;2022-01-24;2022;January;1;24;Monday;1;dzień pracujący;brak święta;brak wakacji
25;2022-01-25;2022;January;1;25;Tuesday;2;dzień pracujący;brak święta;brak wakacji
26;2022-01-26;2022;January;1;26;Wednesday;3;dzień pracujący;brak święta;brak wakacji
27;2022-01-27;2022;January;1;27;Thursday;4;dzień pracujący;brak święta;brak wakacji
28;2022-01-28;2022;January;1;28;Friday;5;dzień pracujący;brak święta;brak wakacji
29;2022-01-29;2022;January;1;29;Saturday;6;weekend;brak święta;brak wakacji
30;2022-01-30;2022;January;1;30;Sunday;7;weekend;brak święta;brak wakacji
31;2022-01-31;2022;January;1;31;Monday;1;dzień pracujący;brak święta;brak wakacji
32;2022-02-01;2022;February;2;1;Tuesday;2;dzień pracujący;brak święta;ferie zimowe
33;2022-02-02;2022;February;2;2;Wednesday;3;dzień pracujący;brak święta;ferie zimowe
34;2022-02-03;2022;February;2;3;Thursday;4;dzień pracujący;brak święta;ferie zimowe
35;2022-02-04;2022;February;2;4;Friday;5;dzień pracujący;brak święta;ferie zimowe
36;2022-02-05;2022;February;2;5;Saturday;6;weekend;brak święta;ferie zimowe
37;2022-02-06;2022;February;2;6;Sunday;7;weekend;brak święta;ferie zimowe
38;2022-02-07;2022;February;2;7;Monday;1;dzień pracujący;brak święta;ferie zimowe
39;2022-02-08;2022;February;2;8;Tuesday;2;dzień pracujący;brak święta;ferie zimowe
40;2022-02-09;2022;February;2;9;Wednesday;3;dzień pracujący;brak święta;ferie zimowe
41;2022-02-10;2022;February;2;10;Thursday;4;dzień pracujący;brak święta;ferie zimowe
42;2022-02-11;2022;February;2;11;Friday;5;dzień pracujący;brak święta;ferie zimowe
43;2022-02-12;2022;February;2;12;Saturday;6;weekend;brak święta;ferie zimowe
44;2022-02-13;2022;February;2;13;Sunday;7;weekend;brak święta;ferie zimowe
45;2022-02-14;2022;February;2;14;Monday;1;dzień pracujący;brak święta;ferie zimowe
46;2022-02-15;2022;February;2;15;Tuesday;2;dzień pracujący;brak święta;ferie zimowe
47;2022-02-16;2022;February;2;16;Wednesday;3;dzień pracujący;brak święta;brak wakacji
48;2022-02-17;2022;February;2;17;Thursday;4;dzień pracujący;brak święta;brak wakacji
49;2022-02-18;2022;February;2;18;Friday;5;dzień pracujący;brak święta;brak wakacji
50;2022-02-19;2022;February;2;19;Saturday;6;weekend;brak święta;brak wakacji
51;2022-02-20;2022;February;2;20;Sunday;7;weekend;brak święta;brak wakacji
52;2022-02-21;2022;February;2;21;Monday;1;dzień pracujący;brak święta;brak wakacji
53;2022-02-22;2022;February;2;22;Tuesday;2;dzień pracujący;brak święta;brak wakacji
54;2022-02-23;2022;February;2;23;Wednesday;3;dzień pracujący;brak święta;brak wakacji
55;2022-02-24;2022;February;2;24;Thursday;4;dzień pracujący;brak święta;brak wakacji
56;2022-02-25;2022;February;2;25;Friday;5;dzień pracujący;brak święta;brak wakacji
57;2022-02-26;2022;February;2;26;Saturday;6;weekend;brak święta;brak wakacji
58;2022-02-27;2022;February;2;27;Sunday;7;weekend;brak święta;brak wakacji
59;2022-02-28;2022;February;2;28;Monday;1;dzień pracujący;brak święta;brak wakacji
60;2022-03-01;2022;March;3;1;Tuesday;2;dzień pracujący;brak święta;brak wakacji
61;2022-03-02;2022;March;3;2;Wednesday;3;dzień pracujący;brak święta;brak wakacji
62;2022-03-03;2022;March;3;3;Thursday;4;dzień pracujący;brak święta;brak wakacji
63;2022-03-04;2022;March;3;4;Friday;5;dzień pracujący;brak święta;brak wakacji
64;2022-03-05;2022;March;3;5;Saturday;6;weekend;brak święta;brak wakacji
65;2022-03-06;2022;March;3;6;Sunday;7;weekend;brak święta;brak wakacji
66;2022-03-07;2022;March;3;7;Monday;1;dzień pracujący;brak święta;brak wakacji
67;2022-03-08;2022;March;3;8;Tuesday;2;dzień pracujący;brak święta;brak wakacji
68;2022-03-09;2022;March;3;9;Wednesday;3;dzień pracujący;brak święta;brak wakacji
69;2022-03-10;2022;March;3;10;Thursday;4;dzień pracujący;brak święta;brak wakacji
70;2022-03-11;2022;March;3;11;Friday;5;dzień pracujący;brak święta;brak wakacji
71;2022-03-12;2022;March;3;12;Saturday;6;weekend;brak święta;brak wakacji
72;2022-03-13;2022;March;3;13;Sunday;7;weekend;brak święta;brak wakacji
73;2022-03-14;2022;March;3;14;Monday;1;dzień pracujący;brak święta;brak wakacji
74;2022-03-15;2022;March;3;15;Tuesday;2;dzień pracujący;brak święta;brak wakacji
75;2022-03-16;2022;March;3;16;Wednesday;3;dzień pracujący;brak święta;brak wakacji
76;2022-03-17;2022;March;3;17;Thursday;4;dzień pracujący;brak święta;brak wakacji
77;2022-03-18;2022;March;3;18;Friday;5;dzień pracujący;brak święta;brak wakacji
78;2022-03-19;2022;March;3;19;Saturday;6;weekend;brak święta;brak wakacji
79;2022-03-20;2022;March;3;20;Sunday;7;weekend;brak święta;brak wakacji
80;2022-03-21;2022;March;3;21;Monday;1;dzień pracujący;brak święta;brak wakacji
81;2022-03-22;2022;March;3;22;Tuesday;2;dzień pracujący;brak święta;brak wakacji
82;2022-03-23;2022;March;3;23;Wednesday;3;dzień pracujący;brak święta;brak wakacji
83;2022-03-24;2022;March;3;24;Thursday;4;dzień pracujący;brak święta;brak wakacji
84;2022-03-25;2022;March;3;25;Friday;5;dzień pracujący;brak święta;brak wakacji
85;2022-03-26;2022;March;3;26;Saturday;6;weekend;brak święta;brak wakacji
86;2022-03-27;2022;March;3;27;Sunday;7;weekend;brak święta;brak wakacji
87;2022-03-28;2022;March;3;28;Monday;1;dzień pracujący;brak święta;brak wakacji
88;2022-03-29;2022;March;3;29;Tuesday;2;dzień pracujący;brak święta;brak wakacji
89;2022-03-30;2022;March;3;30;Wednesday;3;dzień pracujący;brak święta;brak wakacji
90;2022-03-31;2022;March;3;31;Thursday;4;dzień pracujący;brak święta;brak wakacji
91;2022-04-01;2022;April;4;1;Friday;5;dzień pracujący;brak święta;brak wakacji
92;2022-04-02;2022;April;4;2;Saturday;6;weekend;brak święta;brak wakacji
93;2022-04-03;2022;April;4;3;Sunday;7;weekend;brak święta;brak wakacji
94;2022-04-04;2022;April;4;4;Monday;1;dzień pracujący;brak święta;brak wakacji
95;2022-04-05;2022;April;4;5;Tuesday;2;dzień pracujący;brak święta;brak wakacji
96;2022-04-06;2022;April;4;6;Wednesday;3;dzień pracujący;brak święta;brak wakacji
97;2022-04-07;2022;April;4;7;Thursday;4;dzień pracujący;brak święta;brak wakacji
98;2022-04-08;2022;April;4;8;Friday;5;dzień pracujący;brak święta;brak wakacji
99;2022-04-09;2022;April;4;9;Saturday;6;weekend;brak święta;brak wakacji
100;2022-04-10;2022;April;4;10;Sunday;7;weekend;brak święta;brak wakacji
101;2022-04-11;2022;April;4;11;Monday;1;dzień pracujący;brak święta;brak wakacji
102;2022-04-12;2022;April;4;12;Tuesday;2;dzień pracujący;brak święta;brak wakacji
103;2022-04-13;2022;April;4;13;Wednesday;3;dzień pracujący;brak święta;brak wakacji
104;2022-04-14;2022;April;4;14;Thursday;4;dzień pracujący;brak święta;brak wakacji
105;2022-04-15;2022;April;4;15;Friday;5;dzień pracujący;brak święta;brak wakacji
106;2022-04-16;2022;April;4;16;Saturday;6;weekend;brak święta;brak wakacji
107;2022-04-17;2022;April;4;17;Sunday;7;weekend;Wielkanoc;brak wakacji
108;2022-04-18;2022;April;4;18;Monday;1;dzień pracujący;Poniedziałek Wielkanocny;brak wakacji
109;2022-04-19;2022;April;4;19;Tuesday;2;dzień pracujący;brak święta;brak wakacji
110;2022-04-20;2022;April;4;20;Wednesday;3;dzień pracujący;brak święta;brak wakacji
111;2022-04-21;2022;April;4;21;Thursday;4;dzień pracujący;brak święta;brak wakacji
112;2022-04-22;2022;April;4;22;Friday;5;dzień pracujący;brak święta;brak wakacji
113;2022-04-23;2022;April;4;23;Saturday;6;weekend;brak święta;brak wakacji
114;2022-04-24;2022;April;4;24;Sunday;7;weekend;brak święta;brak wakacji
115;2022-04-25;2022;April;4;25;Monday;1;dzień pracujący;brak święta;brak wakacji
116;2022-04-26;2022;April;4;26;Tuesday;2;dzień pracujący;brak święta;brak wakacji
117;2022-04-27;2022;April;4;27;Wednesday;3;dzień pracujący;brak święta;brak wakacji
118;2022-04-28;2022;April;4;28;Thursday;4;dzień pracujący;brak święta;brak wakacji
119;2022-04-29;2022;April;4;29;Friday;5;dzień pracujący;brak święta;brak wakacji
120;2022-04-30;2022;April;4;30;Saturday;6;weekend;brak święta;brak wakacji
121;2022-05-01;2022;May;5;1;Sunday;7;weekend;Święto Pracy;brak wakacji
122;2022-05-02;2022;May;5;2;Monday;1;dzień pracujący;brak święta;brak wakacji
123;2022-05-03;2022;May;5;3;Tuesday;2;dzień pracujący;Święto Konstytucji 3 Maja;brak wakacji
124;2022-05-04;2022;May;5;4;Wednesday;3;dzień pracujący;brak święta;brak wakacji
125;2022-05-05;2022;May;5;5;Thursday;4;dzień pracujący;brak święta;brak wakacji
126;2022-05-06;2022;May;5;6;Friday;5;dzień pracujący;brak święta;brak wakacji
127;2022-05-07;2022;May;5;7;Saturday;6;weekend;brak święta;brak wakacji
128;2022-05-08;2022;May;5;8;Sunday;7;weekend;brak święta;brak wakacji
129;2022-05-09;2022;May;5;9;Monday;1;dzień pracujący;brak święta;brak wakacji
130;2022-05-10;2022;May;5;10;Tuesday;2;dzień pracujący;brak święta;brak wakacji
131;2022-05-11;2022;May;5;11;Wednesday;3;dzień pracujący;brak święta;brak wakacji
132;2022-05-12;2022;May;5;12;Thursday;4;dzień pracujący;brak święta;brak wakacji
133;2022-05-13;2022;May;5;13;Friday;5;dzień pracujący;brak święta;brak wakacji
134;2022-05-14;2022;May;5;14;Saturday;6;weekend;brak święta;brak wakacji
135;2022-05-15;2022;May;5;15;Sunday;7;weekend;brak święta;brak wakacji
136;2022-05-16;2022;May;5;16;Monday;1;dzień pracujący;brak święta;brak wakacji
137;2022-05-17;2022;May;5;17;Tuesday;2;dzień pracujący;brak święta;brak wakacji
138;2022-05-18;2022;May;5;18;Wednesday;3;dzień pracujący;brak święta;brak wakacji
139;2022-05-19;2022;May;5;19;Thursday;4;dzień pracujący;brak święta;brak wakacji
140;2022-05-20;2022;May;5;20;Friday;5;dzień pracujący;brak święta;brak wakacji
141;2022-05-21;2022;May;5;21;Saturday;6;weekend;brak święta;brak wakacji
142;2022-05-22;2022;May;5;22;Sunday;7;weekend;brak święta;brak wakacji
143;2022-05-23;2022;May;5;23;Monday;1;dzień pracujący;brak święta;brak wakacji
144;2022-05-24;2022;May;5;24;Tuesday;2;dzień pracujący;brak święta;brak wakacji
145;2022-05-25;2022;May;5;25;Wednesday;3;dzień pracujący;brak święta;brak wakacji
146;2022-05-26;2022;May;5;26;Thursday;4;dzień pracujący;brak święta;brak wakacji
147;2022-05-27;2022;May;5;27;Friday;5;dzień pracujący;brak święta;brak wakacji
148;2022-05-28;2022;May;5;28;Saturday;6;weekend;brak święta;brak wakacji
149;2022-05-29;2022;May;5;29;Sunday;7;weekend;brak święta;brak wakacji
150;2022-05-30;2022;May;5;30;Monday;1;dzień pracujący;brak święta;brak wakacji
151;2022-05-31;2022;May;5;31;Tuesday;2;dzień pracujący;brak święta;brak wakacji
152;2022-06-01;2022;June;6;1;Wednesday;3;dzień pracujący;brak święta;brak wakacji
153;2022-06-02;2022;June;6;2;Thursday;4;dzień pracujący;brak święta;brak wakacji
154;2022-06-03;2022;June;6;3;Friday;5;dzień pracujący;brak święta;brak wakacji
155;2022-06-04;2022;June;6;4;Saturday;6;weekend;brak święta;brak wakacji
156;2022-06-05;2022;June;6;5;Sunday;7;weekend;Zielone Świątki;brak wakacji
157;2022-06-06;2022;June;6;6;Monday;1;dzień pracujący;brak święta;brak wakacji
158;2022-06-07;2022;June;6;7;Tuesday;2;dzień pracujący;brak święta;brak wakacji
159;2022-06-08;2022;June;6;8;Wednesday;3;dzień pracujący;brak święta;brak wakacji
160;2022-06-09;2022;June;6;9;Thursday;4;dzień pracujący;brak święta;brak wakacji
161;2022-06-10;2022;June;6;10;Friday;5;dzień pracujący;brak święta;brak wakacji
162;2022-06-11;2022;June;6;11;Saturday;6;weekend;brak święta;brak wakacji
163;2022-06-12;2022;June;6;12;Sunday;7;weekend;brak święta;brak wakacji
164;2022-06-13;2022;June;6;13;Monday;1;dzień pracujący;brak święta;brak wakacji
165;2022-06-14;2022;June;6;14;Tuesday;2;dzień pracujący;brak święta;brak wakacji
166;2022-06-15;2022;June;6;15;Wednesday;3;dzień pracujący;brak święta;brak wakacji
167;2022-06-16;2022;June;6;16;Thursday;4;dzień pracujący;Boże Ciało;brak wakacji
168;2022-06-17;2022;June;6;17;Friday;5;dzień pracujący;brak święta;brak wakacji
169;2022-06-18;2022;June;6;18;Saturday;6;weekend;brak święta;brak wakacji
170;2022-06-19;2022;June;6;19;Sunday;7;weekend;brak święta;brak wakacji
171;2022-06-20;2022;June;6;20;Monday;1;dzień pracujący;brak święta;brak wakacji
172;2022-06-21;2022;June;6;21;Tuesday;2;dzień pracujący;brak święta;brak wakacji
173;2022-06-22;2022;June;6;22;Wednesday;3;dzień pracujący;brak święta;brak wakacji
174;2022-06-23;2022;June;6;23;Thursday;4;dzień pracujący;brak święta;brak wakacji
175;2022-06-24;2022;June;6;24;Friday;5;dzień pracujący;brak święta;brak wakacji
176;2022-06-25;2022;June;6;25;Saturday;6;weekend;brak święta;brak wakacji
177;2022-06-26;2022;June;6;26;Sunday;7;weekend;brak święta;brak wakacji
178;2022-06-27;2022;June;6;27;Monday;1;dzień pracujący;brak święta;brak wakacji
179;2022-06-28;2022;June;6;28;Tuesday;2;dzień pracujący;brak święta;brak wakacji
180;2022-06-29;2022;June;6;29;Wednesday;3;dzień pracujący;brak święta;brak wakacji
181;2022-06-30;2022;June;6;30;Thursday;4;dzień pracujący;brak święta;brak wakacji
182;2022-07-01;2022;July;7;1;Friday;5;dzień pracujący;brak święta;wakacje letnie
183;2022-07-02;2022;July;7;2;Saturday;6;weekend;brak święta;wakacje letnie
184;2022-07-03;2022;July;7;3;Sunday;7;weekend;brak święta;wakacje letnie
185;2022-07-04;2022;July;7;4;Monday;1;dzień pracujący;brak święta;wakacje letnie
186;2022-07-05;2022;July;7;5;Tuesday;2;dzień pracujący;brak święta;wakacje letnie
187;2022-07-06;2022;July;7;6;Wednesday;3;dzień pracujący;brak święta;wakacje letnie
188;2022-07-07;2022;July;7;7;Thursday;4;dzień pracujący;brak święta;wakacje letnie
189;2022-07-08;2022;July;7;8;Friday;5;dzień pracujący;brak święta;wakacje letnie
190;2022-07-09;2022;July;7;9;Saturday;6;weekend;brak święta;wakacje letnie
191;2022-07-10;2022;July;7;10;Sunday;7;weekend;brak święta;wakacje letnie
192;2022-07-11;2022;July;7;11;Monday;1;dzień pracujący;brak święta;wakacje letnie
193;2022-07-12;2022;July;7;12;Tuesday;2;dzień pracujący;brak święta;wakacje letnie
194;2022-07-13;2022;July;7;13;Wednesday;3;dzień pracujący;brak święta;wakacje letnie
195;2022-07-14;2022;July;7;14;Thursday;4;dzień pracujący;brak święta;wakacje letnie
196;2022-07-15;2022;July;7;15;Friday;5;dzień pracujący;brak święta;wakacje letnie
197;2022-07-16;2022;July;7;16;Saturday;6;weekend;brak święta;wakacje letnie
198;2022-07-17;2022;July;7;17;Sunday;7;weekend;brak święta;wakacje letnie
199;2022-07-18;2022;July;7;18;Monday;1;dzień pracujący;brak święta;wakacje letnie
200;2022-07-19;2022;July;7;19;Tuesday;2;dzień pracujący;brak święta;wakacje letnie
201;2022-07-20;2022;July;7;20;Wednesday;3;dzień pracujący;brak święta;wakacje letnie
202;2022-07-21;2022;July;7;21;Thursday;4;dzień pracujący;brak święta;wakacje letnie
203;2022-07-22;2022;July;7;22;Friday;5;dzień pracujący;brak święta;wakacje letnie
204;2022-07-23;2022;July;7;23;Saturday;6;weekend;brak święta;wakacje letnie
205;2022-07-24;2022;July;7;24;Sunday;7;weekend;brak święta;wakacje letnie
206;2022-07-25;2022;July;7;25;Monday;1;dzień pracujący;brak święta;wakacje letnie
207;2022-07-26;2022;July;7;26;Tuesday;2;dzień pracujący;brak święta;wakacje letnie
208;2022-07-27;2022;July;7;27;Wednesday;3;dzień pracujący;brak święta;wakacje letnie
209;2022-07-28;2022;July;7;28;Thursday;4;dzień pracujący;brak święta;wakacje letnie
210;2022-07-29;2022;July;7;29;Friday;5;dzień pracujący;brak święta;wakacje letnie
211;2022-07-30;2022;July;7;30;Saturday;6;weekend;brak święta;wakacje letnie
212;2022-07-31;2022;July;7;31;Sunday;7;weekend;brak święta;wakacje letnie
213;2022-08-01;2022;August;8;1;Monday;1;dzień pracujący;brak święta;wakacje letnie
214;2022-08-02;2022;August;8;2;Tuesday;2;dzień pracujący;brak święta;wakacje letnie
215;2022-08-03;2022;August;8;3;Wednesday;3;dzień pracujący;brak święta;wakacje letnie
216;2022-08-04;2022;August;8;4;Thursday;4;dzień pracujący;brak święta;wakacje letnie
217;2022-08-05;2022;August;8;5;Friday;5;dzień pracujący;brak święta;wakacje letnie
218;2022-08-06;2022;August;8;6;Saturday;6;weekend;brak święta;wakacje letnie
219;2022-08-07;2022;August;8;7;Sunday;7;weekend;brak święta;wakacje letnie
220;2022-08-08;2022;August;8;8;Monday;1;dzień pracujący;brak święta;wakacje letnie
221;2022-08-09;2022;August;8;9;Tuesday;2;dzień pracujący;brak święta;wakacje letnie
222;2022-08-10;2022;August;8;10;Wednesday;3;dzień pracujący;brak święta;wakacje letnie
223;2022-08-11;2022;August;8;11;Thursday;4;dzień pracujący;brak święta;wakacje letnie
224;2022-08-12;2022;August;8;12;Friday;5;dzień pracujący;brak święta;wakacje letnie
225;2022-08-13;2022;August;8;13;Saturday;6;weekend;brak święta;wakacje letnie
226;2022-08-14;2022;August;8;14;Sunday;7;weekend;brak święta;wakacje letnie
227;2022-08-15;2022;August;8;15;Monday;1;dzień pracujący;Wniebowstąpienie NMP;wakacje letnie
228;2022-08-16;2022;August;8;16;Tuesday;2;dzień pracujący;brak święta;wakacje letnie
229;2022-08-17;2022;August;8;17;Wednesday;3;dzień pracujący;brak święta;wakacje letnie
230;2022-08-18;2022;August;8;18;Thursday;4;dzień pracujący;brak święta;wakacje letnie
231;2022-08-19;2022;August;8;19;Friday;5;dzień pracujący;brak święta;wakacje letnie
232;2022-08-20;2022;August;8;20;Saturday;6;weekend;brak święta;wakacje letnie
233;2022-08-21;2022;August;8;21;Sunday;7;weekend;brak święta;wakacje letnie
234;2022-08-22;2022;August;8;22;Monday;1;dzień pracujący;brak święta;wakacje letnie
235;2022-08-23;2022;August;8;23;Tuesday;2;dzień pracujący;brak święta;wakacje letnie
236;2022-08-24;2022;August;8;24;Wednesday;3;dzień pracujący;brak święta;wakacje letnie
237;2022-08-25;2022;August;8;25;Thursday;4;dzień pracujący;brak święta;wakacje letnie
238;2022-08-26;2022;August;8;26;Friday;5;dzień pracujący;brak święta;wakacje letnie
239;2022-08-27;2022;August;8;27;Saturday;6;weekend;brak święta;wakacje letnie
240;2022-08-28;2022;August;8;28;Sunday;7;weekend;brak święta;wakacje letnie
241;2022-08-29;2022;August;8;29;Monday;1;dzień pracujący;brak święta;wakacje letnie
242;2022-08-30;2022;August;8;30;Tuesday;2;dzień pracujący;brak święta;wakacje letnie
243;2022-08-31;2022;August;8;31;Wednesday;3;dzień pracujący;brak święta;wakacje letnie
244;2022-09-01;2022;September;9;1;Thursday;4;dzień pracujący;brak święta;brak wakacji
245;2022-09-02;2022;September;9;2;Friday;5;dzień pracujący;brak święta;brak wakacji
246;2022-09-03;2022;September;9;3;Saturday;6;weekend;brak święta;brak wakacji
247;2022-09-04;2022;September;9;4;Sunday;7;weekend;brak święta;brak wakacji
248;2022-09-05;2022;September;9;5;Monday;1;dzień pracujący;brak święta;brak wakacji
249;2022-09-06;2022;September;9;6;Tuesday;2;dzień pracujący;brak święta;brak wakacji
250;2022-09-07;2022;September;9;7;Wednesday;3;dzień pracujący;brak święta;brak wakacji
251;2022-09-08;2022;September;9;8;Thursday;4;dzień pracujący;brak święta;brak wakacji
252;2022-09-09;2022;September;9;9;Friday;5;dzień pracujący;brak święta;brak wakacji
253;2022-09-10;2022;September;9;10;Saturday;6;weekend;brak święta;brak wakacji
254;2022-09-11;2022;September;9;11;Sunday;7;weekend;brak święta;brak wakacji
255;2022-09-12;2022;September;9;12;Monday;1;dzień pracujący;brak święta;brak wakacji
256;2022-09-13;2022;September;9;13;Tuesday;2;dzień pracujący;brak święta;brak wakacji
257;2022-09-14;2022;September;9;14;Wednesday;3;dzień pracujący;brak święta;brak wakacji
258;2022-09-15;2022;September;9;15;Thursday;4;dzień pracujący;brak święta;brak wakacji
259;2022-09-16;2022;September;9;16;Friday;5;dzień pracujący;brak święta;brak wakacji
260;2022-09-17;2022;September;9;17;Saturday;6;weekend;brak święta;brak wakacji
261;2022-09-18;2022;September;9;18;Sunday;7;weekend;brak święta;brak wakacji
262;2022-09-19;2022;September;9;19;Monday;1;dzień pracujący;brak święta;brak wakacji
263;2022-09-20;2022;September;9;20;Tuesday;2;dzień pracujący;brak święta;brak wakacji
264;2022-09-21;2022;September;9;21;Wednesday;3;dzień pracujący;brak święta;brak wakacji
265;2022-09-22;2022;September;9;22;Thursday;4;dzień pracujący;brak święta;brak wakacji
266;2022-09-23;2022;September;9;23;Friday;5;dzień pracujący;brak święta;brak wakacji
267;2022-09-24;2022;September;9;24;Saturday;6;weekend;brak święta;brak wakacji
268;2022-09-25;2022;September;9;25;Sunday;7;weekend;brak święta;brak wakacji
269;2022-09-26;2022;September;9;26;Monday;1;dzień pracujący;brak święta;brak wakacji
270;2022-09-27;2022;September;9;27;Tuesday;2;dzień pracujący;brak święta;brak wakacji
271;2022-09-28;2022;September;9;28;Wednesday;3;dzień pracujący;brak święta;brak wakacji
272;2022-09-29;2022;September;9;29;Thursday;4;dzień pracujący;brak święta;brak wakacji
273;2022-09-30;2022;September;9;30;Friday;5;dzień pracujący;brak święta;brak wakacji
274;2022-10-01;2022;October;10;1;Saturday;6;weekend;brak święta;brak wakacji
275;2022-10-02;2022;October;10;2;Sunday;7;weekend;brak święta;brak wakacji
276;2022-10-03;2022;October;10;3;Monday;1;dzień pracujący;brak święta;brak wakacji
277;2022-10-04;2022;October;10;4;Tuesday;2;dzień pracujący;brak święta;brak wakacji
278;2022-10-05;2022;October;10;5;Wednesday;3;dzień pracujący;brak święta;brak wakacji
279;2022-10-06;2022;October;10;6;Thursday;4;dzień pracujący;brak święta;brak wakacji
280;2022-10-07;2022;October;10;7;Friday;5;dzień pracujący;brak święta;brak wakacji
281;2022-10-08;2022;October;10;8;Saturday;6;weekend;brak święta;brak wakacji
282;2022-10-09;2022;October;10;9;Sunday;7;weekend;brak święta;brak wakacji
283;2022-10-10;2022;October;10;10;Monday;1;dzień pracujący;brak święta;brak wakacji
284;2022-10-11;2022;October;10;11;Tuesday;2;dzień pracujący;brak święta;brak wakacji
285;2022-10-12;2022;October;10;12;Wednesday;3;dzień pracujący;brak święta;brak wakacji
286;2022-10-13;2022;October;10;13;Thursday;4;dzień pracujący;brak święta;brak wakacji
287;2022-10-14;2022;October;10;14;Friday;5;dzień pracujący;brak święta;brak wakacji
288;2022-10-15;2022;October;10;15;Saturday;6;weekend;brak święta;brak wakacji
289;2022-10-16;2022;October;10;16;Sunday;7;weekend;brak święta;brak wakacji
290;2022-10-17;2022;October;10;17;Monday;1;dzień pracujący;brak święta;brak wakacji
291;2022-10-18;2022;October;10;18;Tuesday;2;dzień pracujący;brak święta;brak wakacji
292;2022-10-19;2022;October;10;19;Wednesday;3;dzień pracujący;brak święta;brak wakacji
293;2022-10-20;2022;October;10;20;Thursday;4;dzień pracujący;brak święta;brak wakacji
294;2022-10-21;2022;October;10;21;Friday;5;dzień pracujący;brak święta;brak wakacji
295;2022-10-22;2022;October;10;22;Saturday;6;weekend;brak święta;brak wakacji
296;2022-10-23;2022;October;10;23;Sunday;7;weekend;brak święta;brak wakacji
297;2022-10-24;2022;October;10;24;Monday;1;dzień pracujący;brak święta;brak wakacji
298;2022-10-25;2022;October;10;25;Tuesday;2;dzień pracujący;brak święta;brak wakacji
299;2022-10-26;2022;October;10;26;Wednesday;3;dzień pracujący;brak święta;brak wakacji
300;2022-10-27;2022;October;10;27;Thursday;4;dzień pracujący;brak święta;brak wakacji
301;2022-10-28;2022;October;10;28;Friday;5;dzień pracujący;brak święta;brak wakacji
302;2022-10-29;2022;October;10;29;Saturday;6;weekend;brak święta;brak wakacji
303;2022-10-30;2022;October;10;30;Sunday;7;weekend;brak święta;brak wakacji
304;2022-10-31;2022;October;10;31;Monday;1;dzień pracujący;brak święta;brak wakacji
305;2022-11-01;2022;November;11;1;Tuesday;2;dzień pracujący;Wszystkich Świętych;brak wakacji
306;2022-11-02;2022;November;11;2;Wednesday;3;dzień pracujący;brak święta;brak wakacji
307;2022-11-03;2022;November;11;3;Thursday;4;dzień pracujący;brak święta;brak wakacji
308;2022-11-04;2022;November;11;4;Friday;5;dzień pracujący;brak święta;brak wakacji
309;2022-11-05;2022;November;11;5;Saturday;6;weekend;brak święta;brak wakacji
310;2022-11-06;2022;November;11;6;Sunday;7;weekend;brak święta;brak wakacji
311;2022-11-07;2022;November;11;7;Monday;1;dzień pracujący;brak święta;brak wakacji
312;2022-11-08;2022;November;11;8;Tuesday;2;dzień pracujący;brak święta;brak wakacji
313;2022-11-09;2022;November;11;9;Wednesday;3;dzień pracujący;brak święta;brak wakacji
314;2022-11-10;2022;November;11;10;Thursday;4;dzień pracujący;brak święta;brak wakacji
315;2022-11-11;2022;November;11;11;Friday;5;dzień pracujący;Święto Niepodległości;brak wakacji
316;2022-11-12;2022;November;11;12;Saturday;6;weekend;brak święta;brak wakacji
317;2022-11-13;2022;November;11;13;Sunday;7;weekend;brak święta;brak wakacji
318;2022-11-14;2022;November;11;14;Monday;1;dzień pracujący;brak święta;brak wakacji
319;2022-11-15;2022;November;11;15;Tuesday;2;dzień pracujący;brak święta;brak wakacji
320;2022-11-16;2022;November;11;16;Wednesday;3;dzień pracujący;brak święta;brak wakacji
321;2022-11-17;2022;November;11;17;Thursday;4;dzień pracujący;brak święta;brak wakacji
322;2022-11-18;2022;November;11;18;Friday;5;dzień pracujący;brak święta;brak wakacji
323;2022-11-19;2022;November;11;19;Saturday;6;weekend;brak święta;brak wakacji
324;2022-11-20;2022;November;11;20;Sunday;7;weekend;brak święta;brak wakacji
325;2022-11-21;2022;November;11;21;Monday;1;dzień pracujący;brak święta;brak wakacji
326;2022-11-22;2022;November;11;22;Tuesday;2;dzień pracujący;brak święta;brak wakacji
327;2022-11-23;2022;November;11;23;Wednesday;3;dzień pracujący;brak święta;brak wakacji
328;2022-11-24;2022;November;11;24;Thursday;4;dzień pracujący;brak święta;brak wakacji
329;2022-11-25;2022;November;11;25;Friday;5;dzień pracujący;brak święta;brak wakacji
330;2022-11-26;2022;November;11;26;Saturday;6;weekend;brak święta;brak wakacji
331;2022-11-27;2022;November;11;27;Sunday;7;weekend;brak święta;brak wakacji
332;2022-11-28;2022;November;11;28;Monday;1;dzień pracujący;brak święta;brak wakacji
333;2022-11-29;2022;November;11;29;Tuesday;2;dzień pracujący;brak święta;brak wakacji
334;2022-11-30;2022;November;11;30;Wednesday;3;dzień pracujący;brak święta;brak wakacji
335;2022-12-01;2022;December;12;1;Thursday;4;dzień pracujący;brak święta;brak wakacji
336;2022-12-02;2022;December;12;2;Friday;5;dzień pracujący;brak święta;brak wakacji
337;2022-12-03;2022;December;12;3;Saturday;6;weekend;brak święta;brak wakacji
338;2022-12-04;2022;December;12;4;Sunday;7;weekend;brak święta;brak wakacji
339;2022-12-05;2022;December;12;5;Monday;1;dzień pracujący;brak święta;brak wakacji
340;2022-12-06;2022;December;12;6;Tuesday;2;dzień pracujący;brak święta;brak wakacji
341;2022-12-07;2022;December;12;7;Wednesday;3;dzień pracujący;brak święta;brak wakacji
342;2022-12-08;2022;December;12;8;Thursday;4;dzień pracujący;brak święta;brak wakacji
343;2022-12-09;2022;December;12;9;Friday;5;dzień pracujący;brak święta;brak wakacji
344;2022-12-10;2022;December;12;10;Saturday;6;weekend;brak święta;brak wakacji
345;2022-12-11;2022;December;12;11;Sunday;7;weekend;brak święta;brak wakacji
346;2022-12-12;2022;December;12;12;Monday;1;dzień pracujący;brak święta;brak wakacji
347;2022-12-13;2022;December;12;13;Tuesday;2;dzień pracujący;brak święta;brak wakacji
348;2022-12-14;2022;December;12;14;Wednesday;3;dzień pracujący;brak święta;brak wakacji
349;2022-12-15;2022;December;12;15;Thursday;4;dzień pracujący;brak święta;brak wakacji
350;2022-12-16;2022;December;12;16;Friday;5;dzień pracujący;brak święta;brak wakacji
351;2022-12-17;2022;December;12;17;Saturday;6;weekend;brak święta;brak wakacji
352;2022-12-18;2022;December;12;18;Sunday;7;weekend;brak święta;brak wakacji
353;2022-12-19;2022;December;12;19;Monday;1;dzień pracujący;brak święta;brak wakacji
354;2022-12-20;2022;December;12;20;Tuesday;2;dzień pracujący;brak święta;brak wakacji
355;2022-12-21;2022;December;12;21;Wednesday;3;dzień pracujący;brak święta;brak wakacji
356;2022-12-22;2022;December;12;22;Thursday;4;dzień pracujący;brak święta;brak wakacji
357;2022-12-23;2022;December;12;23;Friday;5;dzień pracujący;brak święta;brak wakacji
358;2022-12-24;2022;December;12;24;Saturday;6;weekend;Wigilia;brak wakacji
359;2022-12-25;2022;December;12;25;Sunday;7;weekend;Pierwszy Dzień Bożego Narodzenia;brak wakacji
360;2022-12-26;2022;December;12;26;Monday;1;dzień pracujący;Drugi Dzień Bożego Narodzenia;brak wakacji
361;2022-12-27;2022;December;12;27;Tuesday;2;dzień pracujący;brak święta;brak wakacji
362;2022-12-28;2022;December;12;28;Wednesday;3;dzień pracujący;brak święta;brak wakacji
363;2022-12-29;2022;December;12;29;Thursday;4;dzień pracujący;brak święta;brak wakacji
364;2022-12-30;2022;December;12;30;Friday;5;dzień pracujący;brak święta;brak wakacji
365;2022-12-31;2022;December;12;31;Saturday;6;weekend;brak święta;brak wakacji
366;2023-01-01;2023;January;1;1;Sunday;7;weekend;Nowy Rok;brak wakacji
367;2023-01-02;2023;January;1;2;Monday;1;dzień pracujący;brak święta;brak wakacji
368;2023-01-03;2023;January;1;3;Tuesday;2;dzień pracujący;brak święta;brak wakacji
369;2023-01-04;2023;January;1;4;Wednesday;3;dzień pracujący;brak święta;brak wakacji
370;2023-01-05;2023;January;1;5;Thursday;4;dzień pracujący;brak święta;brak wakacji
371;2023-01-06;2023;January;1;6;Friday;5;dzień pracujący;Święto Trzech Króli;brak wakacji
372;2023-01-07;2023;January;1;7;Saturday;6;weekend;brak święta;brak wakacji
373;2023-01-08;2023;January;1;8;Sunday;7;weekend;brak święta;brak wakacji
374;2023-01-09;2023;January;1;9;Monday;1;dzień pracujący;brak święta;brak wakacji
375;2023-01-10;2023;January;1;10;Tuesday;2;dzień pracujący;brak święta;brak wakacji
376;2023-01-11;2023;January;1;11;Wednesday;3;dzień pracujący;brak święta;brak wakacji
377;2023-01-12;2023;January;1;12;Thursday;4;dzień pracujący;brak święta;brak wakacji
378;2023-01-13;2023;January;1;13;Friday;5;dzień pracujący;brak święta;brak wakacji
379;2023-01-14;2023;January;1;14;Saturday;6;weekend;brak święta;brak wakacji
380;2023-01-15;2023;January;1;15;Sunday;7;weekend;brak święta;brak wakacji
381;2023-01-16;2023;January;1;16;Monday;1;dzień pracujący;brak święta;brak wakacji
382;2023-01-17;2023;January;1;17;Tuesday;2;dzień pracujący;brak święta;brak wakacji
383;2023-01-18;2023;January;1;18;Wednesday;3;dzień pracujący;brak święta;brak wakacji
384;2023-01-19;2023;January;1;19;Thursday;4;dzień pracujący;brak święta;brak wakacji
385;2023-01-20;2023;January;1;20;Friday;5;dzień pracujący;brak święta;brak wakacji
386;2023-01-21;2023;January;1;21;Saturday;6;weekend;brak święta;brak wakacji
387;2023-01-22;2023;January;1;22;Sunday;7;weekend;brak święta;brak wakacji
388;2023-01-23;2023;January;1;23;Monday;1;dzień pracujący;brak święta;brak wakacji
389;2023-01-24;2023;January;1;24;Tuesday;2;dzień pracujący;brak święta;brak wakacji
390;2023-01-25;2023;January;1;25;Wednesday;3;dzień pracujący;brak święta;brak wakacji
391;2023-01-26;2023;January;1;26;Thursday;4;dzień pracujący;brak święta;brak wakacji
392;2023-01-27;2023;January;1;27;Friday;5;dzień pracujący;brak święta;brak wakacji
393;2023-01-28;2023;January;1;28;Saturday;6;weekend;brak święta;brak wakacji
394;2023-01-29;2023;January;1;29;Sunday;7;weekend;brak święta;brak wakacji
395;2023-01-30;2023;January;1;30;Monday;1;dzień pracujący;brak święta;brak wakacji
396;2023-01-31;2023;January;1;31;Tuesday;2;dzień pracujący;brak święta;brak wakacji
397;2023-02-01;2023;February;2;1;Wednesday;3;dzień pracujący;brak święta;ferie zimowe
398;2023-02-02;2023;February;2;2;Thursday;4;dzień pracujący;brak święta;ferie zimowe
399;2023-02-03;2023;February;2;3;Friday;5;dzień pracujący;brak święta;ferie zimowe
400;2023-02-04;2023;February;2;4;Saturday;6;weekend;brak święta;ferie zimowe
401;2023-02-05;2023;February;2;5;Sunday;7;weekend;brak święta;ferie zimowe
402;2023-02-06;2023;February;2;6;Monday;1;dzień pracujący;brak święta;ferie zimowe
403;2023-02-07;2023;February;2;7;Tuesday;2;dzień pracujący;brak święta;ferie zimowe
404;2023-02-08;2023;February;2;8;Wednesday;3;dzień pracujący;brak święta;ferie zimowe
405;2023-02-09;2023;February;2;9;Thursday;4;dzień pracujący;brak święta;ferie zimowe
406;2023-02-10;2023;February;2;10;Friday;5;dzień pracujący;brak święta;ferie zimowe
407;2023-02-11;2023;February;2;11;Saturday;6;weekend;brak święta;ferie zimowe
408;2023-02-12;2023;February;2;12;Sunday;7;weekend;brak święta;ferie zimowe
409;2023-02-13;2023;February;2;13;Monday;1;dzień pracujący;brak święta;ferie zimowe
410;2023-02-14;2023;February;2;14;Tuesday;2;dzień pracujący;brak święta;ferie zimowe
411;2023-02-15;2023;February;2;15;Wednesday;3;dzień pracujący;brak święta;ferie zimowe
412;2023-02-16;2023;February;2;16;Thursday;4;dzień pracujący;brak święta;brak wakacji
413;2023-02-17;2023;February;2;17;Friday;5;dzień pracujący;brak święta;brak wakacji
414;2023-02-18;2023;February;2;18;Saturday;6;weekend;brak święta;brak wakacji
415;2023-02-19;2023;February;2;19;Sunday;7;weekend;brak święta;brak wakacji
416;2023-02-20;2023;February;2;20;Monday;1;dzień pracujący;brak święta;brak wakacji
417;2023-02-21;2023;February;2;21;Tuesday;2;dzień pracujący;brak święta;brak wakacji
418;2023-02-22;2023;February;2;22;Wednesday;3;dzień pracujący;brak święta;brak wakacji
419;2023-02-23;2023;February;2;23;Thursday;4;dzień pracujący;brak święta;brak wakacji
420;2023-02-24;2023;February;2;24;Friday;5;dzień pracujący;brak święta;brak wakacji
421;2023-02-25;2023;February;2;25;Saturday;6;weekend;brak święta;brak wakacji
422;2023-02-26;2023;February;2;26;Sunday;7;weekend;brak święta;brak wakacji
423;2023-02-27;2023;February;2;27;Monday;1;dzień pracujący;brak święta;brak wakacji
424;2023-02-28;2023;February;2;28;Tuesday;2;dzień pracujący;brak święta;brak wakacji
425;2023-03-01;2023;March;3;1;Wednesday;3;dzień pracujący;brak święta;brak wakacji
426;2023-03-02;2023;March;3;2;Thursday;4;dzień pracujący;brak święta;brak wakacji
427;2023-03-03;2023;March;3;3;Friday;5;dzień pracujący;brak święta;brak wakacji
428;2023-03-04;2023;March;3;4;Saturday;6;weekend;brak święta;brak wakacji
429;2023-03-05;2023;March;3;5;Sunday;7;weekend;brak święta;brak wakacji
430;2023-03-06;2023;March;3;6;Monday;1;dzień pracujący;brak święta;brak wakacji
431;2023-03-07;2023;March;3;7;Tuesday;2;dzień pracujący;brak święta;brak wakacji
432;2023-03-08;2023;March;3;8;Wednesday;3;dzień pracujący;brak święta;brak wakacji
433;2023-03-09;2023;March;3;9;Thursday;4;dzień pracujący;brak święta;brak wakacji
434;2023-03-10;2023;March;3;10;Friday;5;dzień pracujący;brak święta;brak wakacji
435;2023-03-11;2023;March;3;11;Saturday;6;weekend;brak święta;brak wakacji
436;2023-03-12;2023;March;3;12;Sunday;7;weekend;brak święta;brak wakacji
437;2023-03-13;2023;March;3;13;Monday;1;dzień pracujący;brak święta;brak wakacji
438;2023-03-14;2023;March;3;14;Tuesday;2;dzień pracujący;brak święta;brak wakacji
439;2023-03-15;2023;March;3;15;Wednesday;3;dzień pracujący;brak święta;brak wakacji
440;2023-03-16;2023;March;3;16;Thursday;4;dzień pracujący;brak święta;brak wakacji
441;2023-03-17;2023;March;3;17;Friday;5;dzień pracujący;brak święta;brak wakacji
442;2023-03-18;2023;March;3;18;Saturday;6;weekend;brak święta;brak wakacji
443;2023-03-19;2023;March;3;19;Sunday;7;weekend;brak święta;brak wakacji
444;2023-03-20;2023;March;3;20;Monday;1;dzień pracujący;brak święta;brak wakacji
445;2023-03-21;2023;March;3;21;Tuesday;2;dzień pracujący;brak święta;brak wakacji
446;2023-03-22;2023;March;3;22;Wednesday;3;dzień pracujący;brak święta;brak wakacji
447;2023-03-23;2023;March;3;23;Thursday;4;dzień pracujący;brak święta;brak wakacji
448;2023-03-24;2023;March;3;24;Friday;5;dzień pracujący;brak święta;brak wakacji
449;2023-03-25;2023;March;3;25;Saturday;6;weekend;brak święta;brak wakacji
450;2023-03-26;2023;March;3;26;Sunday;7;weekend;brak święta;brak wakacji
451;2023-03-27;2023;March;3;27;Monday;1;dzień pracujący;brak święta;brak wakacji
452;2023-03-28;2023;March;3;28;Tuesday;2;dzień pracujący;brak święta;brak wakacji
453;2023-03-29;2023;March;3;29;Wednesday;3;dzień pracujący;brak święta;brak wakacji
454;2023-03-30;2023;March;3;30;Thursday;4;dzień pracujący;brak święta;brak wakacji
455;2023-03-31;2023;March;3;31;Friday;5;dzień pracujący;brak święta;brak wakacji
456;2023-04-01;2023;April;4;1;Saturday;6;weekend;brak święta;brak wakacji
457;2023-04-02;2023;April;4;2;Sunday;7;weekend;brak święta;brak wakacji
458;2023-04-03;2023;April;4;3;Monday;1;dzień pracujący;brak święta;brak wakacji
459;2023-04-04;2023;April;4;4;Tuesday;2;dzień pracujący;brak święta;brak wakacji
460;2023-04-05;2023;April;4;5;Wednesday;3;dzień pracujący;brak święta;brak wakacji
461;2023-04-06;2023;April;4;6;Thursday;4;dzień pracujący;brak święta;brak wakacji
462;2023-04-07;2023;April;4;7;Friday;5;dzień pracujący;brak święta;brak wakacji
463;2023-04-08;2023;April;4;8;Saturday;6;weekend;brak święta;brak wakacji
464;2023-04-09;2023;April;4;9;Sunday;7;weekend;Wielkanoc;brak wakacji
465;2023-04-10;2023;April;4;10;Monday;1;dzień pracujący;Poniedziałek Wielkanocny;brak wakacji
466;2023-04-11;2023;April;4;11;Tuesday;2;dzień pracujący;brak święta;brak wakacji
467;2023-04-12;2023;April;4;12;Wednesday;3;dzień pracujący;brak święta;brak wakacji
468;2023-04-13;2023;April;4;13;Thursday;4;dzień pracujący;brak święta;brak wakacji
469;2023-04-14;2023;April;4;14;Friday;5;dzień pracujący;brak święta;brak wakacji
470;2023-04-15;2023;April;4;15;Saturday;6;weekend;brak święta;brak wakacji
471;2023-04-16;2023;April;4;16;Sunday;7;weekend;brak święta;brak wakacji
472;2023-04-17;2023;April;4;17;Monday;1;dzień pracujący;brak święta;brak wakacji
473;2023-04-18;2023;April;4;18;Tuesday;2;dzień pracujący;brak święta;brak wakacji
474;2023-04-19;2023;April;4;19;Wednesday;3;dzień pracujący;brak święta;brak wakacji
475;2023-04-20;2023;April;4;20;Thursday;4;dzień pracujący;brak święta;brak wakacji
476;2023-04-21;2023;April;4;21;Friday;5;dzień pracujący;brak święta;brak wakacji
477;2023-04-22;2023;April;4;22;Saturday;6;weekend;brak święta;brak wakacji
478;2023-04-23;2023;April;4;23;Sunday;7;weekend;brak święta;brak wakacji
479;2023-04-24;2023;April;4;24;Monday;1;dzień pracujący;brak święta;brak wakacji
480;2023-04-25;2023;April;4;25;Tuesday;2;dzień pracujący;brak święta;brak wakacji
481;2023-04-26;2023;April;4;26;Wednesday;3;dzień pracujący;brak święta;brak wakacji
482;2023-04-27;2023;April;4;27;Thursday;4;dzień pracujący;brak święta;brak wakacji
483;2023-04-28;2023;April;4;28;Friday;5;dzień pracujący;brak święta;brak wakacji
484;2023-04-29;2023;April;4;29;Saturday;6;weekend;brak święta;brak wakacji
485;2023-04-30;2023;April;4;30;Sunday;7;weekend;brak święta;brak wakacji
486;2023-05-01;2023;May;5;1;Monday;1;dzień pracujący;Święto Pracy;brak wakacji
487;2023-05-02;2023;May;5;2;Tuesday;2;dzień pracujący;brak święta;brak wakacji
488;2023-05-03;2023;May;5;3;Wednesday;3;dzień pracujący;Święto Konstytucji 3 Maja;brak wakacji
489;2023-05-04;2023;May;5;4;Thursday;4;dzień pracujący;brak święta;brak wakacji
490;2023-05-05;2023;May;5;5;Friday;5;dzień pracujący;brak święta;brak wakacji
491;2023-05-06;2023;May;5;6;Saturday;6;weekend;brak święta;brak wakacji
492;2023-05-07;2023;May;5;7;Sunday;7;weekend;brak święta;brak wakacji
493;2023-05-08;2023;May;5;8;Monday;1;dzień pracujący;brak święta;brak wakacji
494;2023-05-09;2023;May;5;9;Tuesday;2;dzień pracujący;brak święta;brak wakacji
495;2023-05-10;2023;May;5;10;Wednesday;3;dzień pracujący;brak święta;brak wakacji
496;2023-05-11;2023;May;5;11;Thursday;4;dzień pracujący;brak święta;brak wakacji
497;2023-05-12;2023;May;5;12;Friday;5;dzień pracujący;brak święta;brak wakacji
498;2023-05-13;2023;May;5;13;Saturday;6;weekend;brak święta;brak wakacji
499;2023-05-14;2023;May;5;14;Sunday;7;weekend;brak święta;brak wakacji
500;2023-05-15;2023;May;5;15;Monday;1;dzień pracujący;brak święta;brak wakacji
501;2023-05-16;2023;May;5;16;Tuesday;2;dzień pracujący;brak święta;brak wakacji
502;2023-05-17;2023;May;5;17;Wednesday;3;dzień pracujący;brak święta;brak wakacji
503;2023-05-18;2023;May;5;18;Thursday;4;dzień pracujący;brak święta;brak wakacji
504;2023-05-19;2023;May;5;19;Friday;5;dzień pracujący;brak święta;brak wakacji
505;2023-05-20;2023;May;5;20;Saturday;6;weekend;brak święta;brak wakacji
506;2023-05-21;2023;May;5;21;Sunday;7;weekend;brak święta;brak wakacji
507;2023-05-22;2023;May;5;22;Monday;1;dzień pracujący;brak święta;brak wakacji
508;2023-05-23;2023;May;5;23;Tuesday;2;dzień pracujący;brak święta;brak wakacji
509;2023-05-24;2023;May;5;24;Wednesday;3;dzień pracujący;brak święta;brak wakacji
510;2023-05-25;2023;May;5;25;Thursday;4;dzień pracujący;brak święta;brak wakacji
511;2023-05-26;2023;May;5;26;Friday;5;dzień pracujący;brak święta;brak wakacji
512;2023-05-27;2023;May;5;27;Saturday;6;weekend;brak święta;brak wakacji
513;2023-05-28;2023;May;5;28;Sunday;7;weekend;Zielone Świątki;brak wakacji
514;2023-05-29;2023;May;5;29;Monday;1;dzień pracujący;brak święta;brak wakacji
515;2023-05-30;2023;May;5;30;Tuesday;2;dzień pracujący;brak święta;brak wakacji
516;2023-05-31;2023;May;5;31;Wednesday;3;dzień pracujący;brak święta;brak wakacji
517;2023-06-01;2023;June;6;1;Thursday;4;dzień pracujący;brak święta;brak wakacji
518;2023-06-02;2023;June;6;2;Friday;5;dzień pracujący;brak święta;brak wakacji
519;2023-06-03;2023;June;6;3;Saturday;6;weekend;brak święta;brak wakacji
520;2023-06-04;2023;June;6;4;Sunday;7;weekend;brak święta;brak wakacji
521;2023-06-05;2023;June;6;5;Monday;1;dzień pracujący;brak święta;brak wakacji
522;2023-06-06;2023;June;6;6;Tuesday;2;dzień pracujący;brak święta;brak wakacji
523;2023-06-07;2023;June;6;7;Wednesday;3;dzień pracujący;brak święta;brak wakacji
524;2023-06-08;2023;June;6;8;Thursday;4;dzień pracujący;Boże Ciało;brak wakacji
525;2023-06-09;2023;June;6;9;Friday;5;dzień pracujący;brak święta;brak wakacji
526;2023-06-10;2023;June;6;10;Saturday;6;weekend;brak święta;brak wakacji
527;2023-06-11;2023;June;6;11;Sunday;7;weekend;brak święta;brak wakacji
528;2023-06-12;2023;June;6;12;Monday;1;dzień pracujący;brak święta;brak wakacji
529;2023-06-13;2023;June;6;13;Tuesday;2;dzień pracujący;brak święta;brak wakacji
530;2023-06-14;2023;June;6;14;Wednesday;3;dzień pracujący;brak święta;brak wakacji
531;2023-06-15;2023;June;6;15;Thursday;4;dzień pracujący;brak święta;brak wakacji
532;2023-06-16;2023;June;6;16;Friday;5;dzień pracujący;brak święta;brak wakacji
533;2023-06-17;2023;June;6;17;Saturday;6;weekend;brak święta;brak wakacji
534;2023-06-18;2023;June;6;18;Sunday;7;weekend;brak święta;brak wakacji
535;2023-06-19;2023;June;6;19;Monday;1;dzień pracujący;brak święta;brak wakacji
536;2023-06-20;2023;June;6;20;Tuesday;2;dzień pracujący;brak święta;brak wakacji
537;2023-06-21;2023;June;6;21;Wednesday;3;dzień pracujący;brak święta;brak wakacji
538;2023-06-22;2023;June;6;22;Thursday;4;dzień pracujący;brak święta;brak wakacji
539;2023-06-23;2023;June;6;23;Friday;5;dzień pracujący;brak święta;brak wakacji
540;2023-06-24;2023;June;6;24;Saturday;6;weekend;brak święta;brak wakacji
541;2023-06-25;2023;June;6;25;Sunday;7;weekend;brak święta;brak wakacji
542;2023-06-26;2023;June;6;26;Monday;1;dzień pracujący;brak święta;brak wakacji
543;2023-06-27;2023;June;6;27;Tuesday;2;dzień pracujący;brak święta;brak wakacji
544;2023-06-28;2023;June;6;28;Wednesday;3;dzień pracujący;brak święta;brak wakacji
545;2023-06-29;2023;June;6;29;Thursday;4;dzień pracujący;brak święta;brak wakacji
546;2023-06-30;2023;June;6;30;Friday;5;dzień pracujący;brak święta;brak wakacji
547;2023-07-01;2023;July;7;1;Saturday;6;weekend;brak święta;wakacje letnie
548;2023-07-02;2023;July;7;2;Sunday;7;weekend;brak święta;wakacje letnie
549;2023-07-03;2023;July;7;3;Monday;1;dzień pracujący;brak święta;wakacje letnie
550;2023-07-04;2023;July;7;4;Tuesday;2;dzień pracujący;brak święta;wakacje letnie
551;2023-07-05;2023;July;7;5;Wednesday;3;dzień pracujący;brak święta;wakacje letnie
552;2023-07-06;2023;July;7;6;Thursday;4;dzień pracujący;brak święta;wakacje letnie
553;2023-07-07;2023;July;7;7;Friday;5;dzień pracujący;brak święta;wakacje letnie
554;2023-07-08;2023;July;7;8;Saturday;6;weekend;brak święta;wakacje letnie
555;2023-07-09;2023;July;7;9;Sunday;7;weekend;brak święta;wakacje letnie
556;2023-07-10;2023;July;7;10;Monday;1;dzień pracujący;brak święta;wakacje letnie
557;2023-07-11;2023;July;7;11;Tuesday;2;dzień pracujący;brak święta;wakacje letnie
558;2023-07-12;2023;July;7;12;Wednesday;3;dzień pracujący;brak święta;wakacje letnie
559;2023-07-13;2023;July;7;13;Thursday;4;dzień pracujący;brak święta;wakacje letnie
560;2023-07-14;2023;July;7;14;Friday;5;dzień pracujący;brak święta;wakacje letnie
561;2023-07-15;2023;July;7;15;Saturday;6;weekend;brak święta;wakacje letnie
562;2023-07-16;2023;July;7;16;Sunday;7;weekend;brak święta;wakacje letnie
563;2023-07-17;2023;July;7;17;Monday;1;dzień pracujący;brak święta;wakacje letnie
564;2023-07-18;2023;July;7;18;Tuesday;2;dzień pracujący;brak święta;wakacje letnie
565;2023-07-19;2023;July;7;19;Wednesday;3;dzień pracujący;brak święta;wakacje letnie
566;2023-07-20;2023;July;7;20;Thursday;4;dzień pracujący;brak święta;wakacje letnie
567;2023-07-21;2023;July;7;21;Friday;5;dzień pracujący;brak święta;wakacje letnie
568;2023-07-22;2023;July;7;22;Saturday;6;weekend;brak święta;wakacje letnie
569;2023-07-23;2023;July;7;23;Sunday;7;weekend;brak święta;wakacje letnie
570;2023-07-24;2023;July;7;24;Monday;1;dzień pracujący;brak święta;wakacje letnie
571;2023-07-25;2023;July;7;25;Tuesday;2;dzień pracujący;brak święta;wakacje letnie
572;2023-07-26;2023;July;7;26;Wednesday;3;dzień pracujący;brak święta;wakacje letnie
573;2023-07-27;2023;July;7;27;Thursday;4;dzień pracujący;brak święta;wakacje letnie
574;2023-07-28;2023;July;7;28;Friday;5;dzień pracujący;brak święta;wakacje letnie
575;2023-07-29;2023;July;7;29;Saturday;6;weekend;brak święta;wakacje letnie
576;2023-07-30;2023;July;7;30;Sunday;7;weekend;brak święta;wakacje letnie
577;2023-07-31;2023;July;7;31;Monday;1;dzień pracujący;brak święta;wakacje letnie
578;2023-08-01;2023;August;8;1;Tuesday;2;dzień pracujący;brak święta;wakacje letnie
579;2023-08-02;2023;August;8;2;Wednesday;3;dzień pracujący;brak święta;wakacje letnie
580;2023-08-03;2023;August;8;3;Thursday;4;dzień pracujący;brak święta;wakacje letnie
581;2023-08-04;2023;August;8;4;Friday;5;dzień pracujący;brak święta;wakacje letnie
582;2023-08-05;2023;August;8;5;Saturday;6;weekend;brak święta;wakacje letnie
583;2023-08-06;2023;August;8;6;Sunday;7;weekend;brak święta;wakacje letnie
584;2023-08-07;2023;August;8;7;Monday;1;dzień pracujący;brak święta;wakacje letnie
585;2023-08-08;2023;August;8;8;Tuesday;2;dzień pracujący;brak święta;wakacje letnie
586;2023-08-09;2023;August;8;9;Wednesday;3;dzień pracujący;brak święta;wakacje letnie
587;2023-08-10;2023;August;8;10;Thursday;4;dzień pracujący;brak święta;wakacje letnie
588;2023-08-11;2023;August;8;11;Friday;5;dzień pracujący;brak święta;wakacje letnie
589;2023-08-12;2023;August;8;12;Saturday;6;weekend;brak święta;wakacje letnie
590;2023-08-13;2023;August;8;13;Sunday;7;weekend;brak święta;wakacje letnie
591;2023-08-14;2023;August;8;14;Monday;1;dzień pracujący;brak święta;wakacje letnie
592;2023-08-15;2023;August;8;15;Tuesday;2;dzień pracujący;Wniebowstąpienie NMP;wakacje letnie
593;2023-08-16;2023;August;8;16;Wednesday;3;dzień pracujący;brak święta;wakacje letnie
594;2023-08-17;2023;August;8;17;Thursday;4;dzień pracujący;brak święta;wakacje letnie
595;2023-08-18;2023;August;8;18;Friday;5;dzień pracujący;brak święta;wakacje letnie
596;2023-08-19;2023;August;8;19;Saturday;6;weekend;brak święta;wakacje letnie
597;2023-08-20;2023;August;8;20;Sunday;7;weekend;brak święta;wakacje letnie
598;2023-08-21;2023;August;8;21;Monday;1;dzień pracujący;brak święta;wakacje letnie
599;2023-08-22;2023;August;8;22;Tuesday;2;dzień pracujący;brak święta;wakacje letnie
600;2023-08-23;2023;August;8;23;Wednesday;3;dzień pracujący;brak święta;wakacje letnie
601;2023-08-24;2023;August;8;24;Thursday;4;dzień pracujący;brak święta;wakacje letnie
602;2023-08-25;2023;August;8;25;Friday;5;dzień pracujący;brak święta;wakacje letnie
603;2023-08-26;2023;August;8;26;Saturday;6;weekend;brak święta;wakacje letnie
604;2023-08-27;2023;August;8;27;Sunday;7;weekend;brak święta;wakacje letnie
605;2023-08-28;2023;August;8;28;Monday;1;dzień pracujący;brak święta;wakacje letnie
606;2023-08-29;2023;August;8;29;Tuesday;2;dzień pracujący;brak święta;wakacje letnie
607;2023-08-30;2023;August;8;30;Wednesday;3;dzień pracujący;brak święta;wakacje letnie
608;2023-08-31;2023;August;8;31;Thursday;4;dzień pracujący;brak święta;wakacje letnie
609;2023-09-01;2023;September;9;1;Friday;5;dzień pracujący;brak święta;brak wakacji
610;2023-09-02;2023;September;9;2;Saturday;6;weekend;brak święta;brak wakacji
611;2023-09-03;2023;September;9;3;Sunday;7;weekend;brak święta;brak wakacji
612;2023-09-04;2023;September;9;4;Monday;1;dzień pracujący;brak święta;brak wakacji
613;2023-09-05;2023;September;9;5;Tuesday;2;dzień pracujący;brak święta;brak wakacji
614;2023-09-06;2023;September;9;6;Wednesday;3;dzień pracujący;brak święta;brak wakacji
615;2023-09-07;2023;September;9;7;Thursday;4;dzień pracujący;brak święta;brak wakacji
616;2023-09-08;2023;September;9;8;Friday;5;dzień pracujący;brak święta;brak wakacji
617;2023-09-09;2023;September;9;9;Saturday;6;weekend;brak święta;brak wakacji
618;2023-09-10;2023;September;9;10;Sunday;7;weekend;brak święta;brak wakacji
619;2023-09-11;2023;September;9;11;Monday;1;dzień pracujący;brak święta;brak wakacji
620;2023-09-12;2023;September;9;12;Tuesday;2;dzień pracujący;brak święta;brak wakacji
621;2023-09-13;2023;September;9;13;Wednesday;3;dzień pracujący;brak święta;brak wakacji
622;2023-09-14;2023;September;9;14;Thursday;4;dzień pracujący;brak święta;brak wakacji
623;2023-09-15;2023;September;9;15;Friday;5;dzień pracujący;brak święta;brak wakacji
624;2023-09-16;2023;September;9;16;Saturday;6;weekend;brak święta;brak wakacji
625;2023-09-17;2023;September;9;17;Sunday;7;weekend;brak święta;brak wakacji
626;2023-09-18;2023;September;9;18;Monday;1;dzień pracujący;brak święta;brak wakacji
627;2023-09-19;2023;September;9;19;Tuesday;2;dzień pracujący;brak święta;brak wakacji
628;2023-09-20;2023;September;9;20;Wednesday;3;dzień pracujący;brak święta;brak wakacji
629;2023-09-21;2023;September;9;21;Thursday;4;dzień pracujący;brak święta;brak wakacji
630;2023-09-22;2023;September;9;22;Friday;5;dzień pracujący;brak święta;brak wakacji
631;2023-09-23;2023;September;9;23;Saturday;6;weekend;brak święta;brak wakacji
632;2023-09-24;2023;September;9;24;Sunday;7;weekend;brak święta;brak wakacji
633;2023-09-25;2023;September;9;25;Monday;1;dzień pracujący;brak święta;brak wakacji
634;2023-09-26;2023;September;9;26;Tuesday;2;dzień pracujący;brak święta;brak wakacji
635;2023-09-27;2023;September;9;27;Wednesday;3;dzień pracujący;brak święta;brak wakacji
636;2023-09-28;2023;September;9;28;Thursday;4;dzień pracujący;brak święta;brak wakacji
637;2023-09-29;2023;September;9;29;Friday;5;dzień pracujący;brak święta;brak wakacji
638;2023-09-30;2023;September;9;30;Saturday;6;weekend;brak święta;brak wakacji
639;2023-10-01;2023;October;10;1;Sunday;7;weekend;brak święta;brak wakacji
640;2023-10-02;2023;October;10;2;Monday;1;dzień pracujący;brak święta;brak wakacji
641;2023-10-03;2023;October;10;3;Tuesday;2;dzień pracujący;brak święta;brak wakacji
642;2023-10-04;2023;October;10;4;Wednesday;3;dzień pracujący;brak święta;brak wakacji
643;2023-10-05;2023;October;10;5;Thursday;4;dzień pracujący;brak święta;brak wakacji
644;2023-10-06;2023;October;10;6;Friday;5;dzień pracujący;brak święta;brak wakacji
645;2023-10-07;2023;October;10;7;Saturday;6;weekend;brak święta;brak wakacji
646;2023-10-08;2023;October;10;8;Sunday;7;weekend;brak święta;brak wakacji
647;2023-10-09;2023;October;10;9;Monday;1;dzień pracujący;brak święta;brak wakacji
648;2023-10-10;2023;October;10;10;Tuesday;2;dzień pracujący;brak święta;brak wakacji
649;2023-10-11;2023;October;10;11;Wednesday;3;dzień pracujący;brak święta;brak wakacji
650;2023-10-12;2023;October;10;12;Thursday;4;dzień pracujący;brak święta;brak wakacji
651;2023-10-13;2023;October;10;13;Friday;5;dzień pracujący;brak święta;brak wakacji
652;2023-10-14;2023;October;10;14;Saturday;6;weekend;brak święta;brak wakacji
653;2023-10-15;2023;October;10;15;Sunday;7;weekend;brak święta;brak wakacji
654;2023-10-16;2023;October;10;16;Monday;1;dzień pracujący;brak święta;brak wakacji
655;2023-10-17;2023;October;10;17;Tuesday;2;dzień pracujący;brak święta;brak wakacji
656;2023-10-18;2023;October;10;18;Wednesday;3;dzień pracujący;brak święta;brak wakacji
657;2023-10-19;2023;October;10;19;Thursday;4;dzień pracujący;brak święta;brak wakacji
658;2023-10-20;2023;October;10;20;Friday;5;dzień pracujący;brak święta;brak wakacji
659;2023-10-21;2023;October;10;21;Saturday;6;weekend;brak święta;brak wakacji
660;2023-10-22;2023;October;10;22;Sunday;7;weekend;brak święta;brak wakacji
661;2023-10-23;2023;October;10;23;Monday;1;dzień pracujący;brak święta;brak wakacji
662;2023-10-24;2023;October;10;24;Tuesday;2;dzień pracujący;brak święta;brak wakacji
663;2023-10-25;2023;October;10;25;Wednesday;3;dzień pracujący;brak święta;brak wakacji
664;2023-10-26;2023;October;10;26;Thursday;4;dzień pracujący;brak święta;brak wakacji
665;2023-10-27;2023;October;10;27;Friday;5;dzień pracujący;brak święta;brak wakacji
666;2023-10-28;2023;October;10;28;Saturday;6;weekend;brak święta;brak wakacji
667;2023-10-29;2023;October;10;29;Sunday;7;weekend;brak święta;brak wakacji
668;2023-10-30;2023;October;10;30;Monday;1;dzień pracujący;brak święta;brak wakacji
669;2023-10-31;2023;October;10;31;Tuesday;2;dzień pracujący;brak święta;brak wakacji
670;2023-11-01;2023;November;11;1;Wednesday;3;dzień pracujący;Wszystkich Świętych;brak wakacji
671;2023-11-02;2023;November;11;2;Thursday;4;dzień pracujący;brak święta;brak wakacji
672;2023-11-03;2023;November;11;3;Friday;5;dzień pracujący;brak święta;brak wakacji
673;2023-11-04;2023;November;11;4;Saturday;6;weekend;brak święta;brak wakacji
674;2023-11-05;2023;November;11;5;Sunday;7;weekend;brak święta;brak wakacji
675;2023-11-06;2023;November;11;6;Monday;1;dzień pracujący;brak święta;brak wakacji
676;2023-11-07;2023;November;11;7;Tuesday;2;dzień pracujący;brak święta;brak wakacji
677;2023-11-08;2023;November;11;8;Wednesday;3;dzień pracujący;brak święta;brak wakacji
678;2023-11-09;2023;November;11;9;Thursday;4;dzień pracujący;brak święta;brak wakacji
679;2023-11-10;2023;November;11;10;Friday;5;dzień pracujący;brak święta;brak wakacji
680;2023-11-11;2023;November;11;11;Saturday;6;weekend;Święto Niepodległości;brak wakacji
681;2023-11-12;2023;November;11;12;Sunday;7;weekend;brak święta;brak wakacji
682;2023-11-13;2023;November;11;13;Monday;1;dzień pracujący;brak święta;brak wakacji
683;2023-11-14;2023;November;11;14;Tuesday;2;dzień pracujący;brak święta;brak wakacji
684;2023-11-15;2023;November;11;15;Wednesday;3;dzień pracujący;brak święta;brak wakacji
685;2023-11-16;2023;November;11;16;Thursday;4;dzień pracujący;brak święta;brak wakacji
686;2023-11-17;2023;November;11;17;Friday;5;dzień pracujący;brak święta;brak wakacji
687;2023-11-18;2023;November;11;18;Saturday;6;weekend;brak święta;brak wakacji
688;2023-11-19;2023;November;11;19;Sunday;7;weekend;brak święta;brak wakacji
689;2023-11-20;2023;November;11;20;Monday;1;dzień pracujący;brak święta;brak wakacji
690;2023-11-21;2023;November;11;21;Tuesday;2;dzień pracujący;brak święta;brak wakacji
691;2023-11-22;2023;November;11;22;Wednesday;3;dzień pracujący;brak święta;brak wakacji
692;2023-11-23;2023;November;11;23;Thursday;4;dzień pracujący;brak święta;brak wakacji
693;2023-11-24;2023;November;11;24;Friday;5;dzień pracujący;brak święta;brak wakacji
694;2023-11-25;2023;November;11;25;Saturday;6;weekend;brak święta;brak wakacji
695;2023-11-26;2023;November;11;26;Sunday;7;weekend;brak święta;brak wakacji
696;2023-11-27;2023;November;11;27;Monday;1;dzień pracujący;brak święta;brak wakacji
697;2023-11-28;2023;November;11;28;Tuesday;2;dzień pracujący;brak święta;brak wakacji
698;2023-11-29;2023;November;11;29;Wednesday;3;dzień pracujący;brak święta;brak wakacji
699;2023-11-30;2023;November;11;30;Thursday;4;dzień pracujący;brak święta;brak wakacji
700;2023-12-01;2023;December;12;1;Friday;5;dzień pracujący;brak święta;brak wakacji
701;2023-12-02;2023;December;12;2;Saturday;6;weekend;brak święta;brak wakacji
702;2023-12-03;2023;December;12;3;Sunday;7;weekend;brak święta;brak wakacji
703;2023-12-04;2023;December;12;4;Monday;1;dzień pracujący;brak święta;brak wakacji
704;2023-12-05;2023;December;12;5;Tuesday;2;dzień pracujący;brak święta;brak wakacji
705;2023-12-06;2023;December;12;6;Wednesday;3;dzień pracujący;brak święta;brak wakacji
706;2023-12-07;2023;December;12;7;Thursday;4;dzień pracujący;brak święta;brak wakacji
707;2023-12-08;2023;December;12;8;Friday;5;dzień pracujący;brak święta;brak wakacji
708;2023-12-09;2023;December;12;9;Saturday;6;weekend;brak święta;brak wakacji
709;2023-12-10;2023;December;12;10;Sunday;7;weekend;brak święta;brak wakacji
710;2023-12-11;2023;December;12;11;Monday;1;dzień pracujący;brak święta;brak wakacji
711;2023-12-12;2023;December;12;12;Tuesday;2;dzień pracujący;brak święta;brak wakacji
712;2023-12-13;2023;December;12;13;Wednesday;3;dzień pracujący;brak święta;brak wakacji
713;2023-12-14;2023;December;12;14;Thursday;4;dzień pracujący;brak święta;brak wakacji
714;2023-12-15;2023;December;12;15;Friday;5;dzień pracujący;brak święta;brak wakacji
715;2023-12-16;2023;December;12;16;Saturday;6;weekend;brak święta;brak wakacji
716;2023-12-17;2023;December;12;17;Sunday;7;weekend;brak święta;brak wakacji
717;2023-12-18;2023;December;12;18;Monday;1;dzień pracujący;brak święta;brak wakacji
718;2023-12-19;2023;December;12;19;Tuesday;2;dzień pracujący;brak święta;brak wakacji
719;2023-12-20;2023;December;12;20;Wednesday;3;dzień pracujący;brak święta;brak wakacji
720;2023-12-21;2023;December;12;21;Thursday;4;dzień pracujący;brak święta;brak wakacji
721;2023-12-22;2023;December;12;22;Friday;5;dzień pracujący;brak święta;brak wakacji
722;2023-12-23;2023;December;12;23;Saturday;6;weekend;brak święta;brak wakacji
723;2023-12-24;2023;December;12;24;Sunday;7;weekend;Wigilia;brak wakacji
724;2023-12-25;2023;December;12;25;Monday;1;dzień pracujący;Pierwszy Dzień Bożego Narodzenia;brak wakacji
725;2023-12-26;2023;December;12;26;Tuesday;2;dzień pracujący;Drugi Dzień Bożego Narodzenia;brak wakacji
726;2023-12-27;2023;December;12;27;Wednesday;3;dzień pracujący;brak święta;brak wakacji
727;2023-12-28;2023;December;12;28;Thursday;4;dzień pracujący;brak święta;brak wakacji
728;2023-12-29;2023;December;12;29;Friday;5;dzień pracujący;brak święta;brak wakacji
729;2023-12-30;2023;December;12;30;Saturday;6;weekend;brak święta;brak wakacji
730;2023-12-31;2023;December;12;31;Sunday;7;weekend;brak święta;brak wakacji
731;2024-01-01;2024;January;1;1;Monday;1;dzień pracujący;Nowy Rok;brak wakacji
732;2024-01-02;2024;January;1;2;Tuesday;2;dzień pracujący;brak święta;brak wakacji
733;2024-01-03;2024;January;1;3;Wednesday;3;dzień pracujący;brak święta;brak wakacji
734;2024-01-04;2024;January;1;4;Thursday;4;dzień pracujący;brak święta;brak wakacji
735;2024-01-05;2024;January;1;5;Friday;5;dzień pracujący;brak święta;brak wakacji
736;2024-01-06;2024;January;1;6;Saturday;6;weekend;Święto Trzech Króli;brak wakacji
737;2024-01-07;2024;January;1;7;Sunday;7;weekend;brak święta;brak wakacji
738;2024-01-08;2024;January;1;8;Monday;1;dzień pracujący;brak święta;brak wakacji
739;2024-01-09;2024;January;1;9;Tuesday;2;dzień pracujący;brak święta;brak wakacji
740;2024-01-10;2024;January;1;10;Wednesday;3;dzień pracujący;brak święta;brak wakacji
741;2024-01-11;2024;January;1;11;Thursday;4;dzień pracujący;brak święta;brak wakacji
742;2024-01-12;2024;January;1;12;Friday;5;dzień pracujący;brak święta;brak wakacji
743;2024-01-13;2024;January;1;13;Saturday;6;weekend;brak święta;brak wakacji
744;2024-01-14;2024;January;1;14;Sunday;7;weekend;brak święta;brak wakacji
745;2024-01-15;2024;January;1;15;Monday;1;dzień pracujący;brak święta;brak wakacji
746;2024-01-16;2024;January;1;16;Tuesday;2;dzień pracujący;brak święta;brak wakacji
747;2024-01-17;2024;January;1;17;Wednesday;3;dzień pracujący;brak święta;brak wakacji
748;2024-01-18;2024;January;1;18;Thursday;4;dzień pracujący;brak święta;brak wakacji
749;2024-01-19;2024;January;1;19;Friday;5;dzień pracujący;brak święta;brak wakacji
750;2024-01-20;2024;January;1;20;Saturday;6;weekend;brak święta;brak wakacji
751;2024-01-21;2024;January;1;21;Sunday;7;weekend;brak święta;brak wakacji
752;2024-01-22;2024;January;1;22;Monday;1;dzień pracujący;brak święta;brak wakacji
753;2024-01-23;2024;January;1;23;Tuesday;2;dzień pracujący;brak święta;brak wakacji
754;2024-01-24;2024;January;1;24;Wednesday;3;dzień pracujący;brak święta;brak wakacji
755;2024-01-25;2024;January;1;25;Thursday;4;dzień pracujący;brak święta;brak wakacji
756;2024-01-26;2024;January;1;26;Friday;5;dzień pracujący;brak święta;brak wakacji
757;2024-01-27;2024;January;1;27;Saturday;6;weekend;brak święta;brak wakacji
758;2024-01-28;2024;January;1;28;Sunday;7;weekend;brak święta;brak wakacji
759;2024-01-29;2024;January;1;29;Monday;1;dzień pracujący;brak święta;brak wakacji
760;2024-01-30;2024;January;1;30;Tuesday;2;dzień pracujący;brak święta;brak wakacji
761;2024-01-31;2024;January;1;31;Wednesday;3;dzień pracujący;brak święta;brak wakacji
762;2024-02-01;2024;February;2;1;Thursday;4;dzień pracujący;brak święta;ferie zimowe
763;2024-02-02;2024;February;2;2;Friday;5;dzień pracujący;brak święta;ferie zimowe
764;2024-02-03;2024;February;2;3;Saturday;6;weekend;brak święta;ferie zimowe
765;2024-02-04;2024;February;2;4;Sunday;7;weekend;brak święta;ferie zimowe
766;2024-02-05;2024;February;2;5;Monday;1;dzień pracujący;brak święta;ferie zimowe
767;2024-02-06;2024;February;2;6;Tuesday;2;dzień pracujący;brak święta;ferie zimowe
768;2024-02-07;2024;February;2;7;Wednesday;3;dzień pracujący;brak święta;ferie zimowe
769;2024-02-08;2024;February;2;8;Thursday;4;dzień pracujący;brak święta;ferie zimowe
770;2024-02-09;2024;February;2;9;Friday;5;dzień pracujący;brak święta;ferie zimowe
771;2024-02-10;2024;February;2;10;Saturday;6;weekend;brak święta;ferie zimowe
772;2024-02-11;2024;February;2;11;Sunday;7;weekend;brak święta;ferie zimowe
773;2024-02-12;2024;February;2;12;Monday;1;dzień pracujący;brak święta;ferie zimowe
774;2024-02-13;2024;February;2;13;Tuesday;2;dzień pracujący;brak święta;ferie zimowe
775;2024-02-14;2024;February;2;14;Wednesday;3;dzień pracujący;brak święta;ferie zimowe
776;2024-02-15;2024;February;2;15;Thursday;4;dzień pracujący;brak święta;ferie zimowe
777;2024-02-16;2024;February;2;16;Friday;5;dzień pracujący;brak święta;brak wakacji
778;2024-02-17;2024;February;2;17;Saturday;6;weekend;brak święta;brak wakacji
779;2024-02-18;2024;February;2;18;Sunday;7;weekend;brak święta;brak wakacji
780;2024-02-19;2024;February;2;19;Monday;1;dzień pracujący;brak święta;brak wakacji
781;2024-02-20;2024;February;2;20;Tuesday;2;dzień pracujący;brak święta;brak wakacji
782;2024-02-21;2024;February;2;21;Wednesday;3;dzień pracujący;brak święta;brak wakacji
783;2024-02-22;2024;February;2;22;Thursday;4;dzień pracujący;brak święta;brak wakacji
784;2024-02-23;2024;February;2;23;Friday;5;dzień pracujący;brak święta;brak wakacji
785;2024-02-24;2024;February;2;24;Saturday;6;weekend;brak święta;brak wakacji
786;2024-02-25;2024;February;2;25;Sunday;7;weekend;brak święta;brak wakacji
787;2024-02-26;2024;February;2;26;Monday;1;dzień pracujący;brak święta;brak wakacji
788;2024-02-27;2024;February;2;27;Tuesday;2;dzień pracujący;brak święta;brak wakacji
789;2024-02-28;2024;February;2;28;Wednesday;3;dzień pracujący;brak święta;brak wakacji
790;2024-02-29;2024;February;2;29;Thursday;4;dzień pracujący;brak święta;brak wakacji
791;2024-03-01;2024;March;3;1;Friday;5;dzień pracujący;brak święta;brak wakacji
792;2024-03-02;2024;March;3;2;Saturday;6;weekend;brak święta;brak wakacji
793;2024-03-03;2024;March;3;3;Sunday;7;weekend;brak święta;brak wakacji
794;2024-03-04;2024;March;3;4;Monday;1;dzień pracujący;brak święta;brak wakacji
795;2024-03-05;2024;March;3;5;Tuesday;2;dzień pracujący;brak święta;brak wakacji
796;2024-03-06;2024;March;3;6;Wednesday;3;dzień pracujący;brak święta;brak wakacji
797;2024-03-07;2024;March;3;7;Thursday;4;dzień pracujący;brak święta;brak wakacji
798;2024-03-08;2024;March;3;8;Friday;5;dzień pracujący;brak święta;brak wakacji
799;2024-03-09;2024;March;3;9;Saturday;6;weekend;brak święta;brak wakacji
800;2024-03-10;2024;March;3;10;Sunday;7;weekend;brak święta;brak wakacji
801;2024-03-11;2024;March;3;11;Monday;1;dzień pracujący;brak święta;brak wakacji
802;2024-03-12;2024;March;3;12;Tuesday;2;dzień pracujący;brak święta;brak wakacji
803;2024-03-13;2024;March;3;13;Wednesday;3;dzień pracujący;brak święta;brak wakacji
804;2024-03-14;2024;March;3;14;Thursday;4;dzień pracujący;brak święta;brak wakacji
805;2024-03-15;2024;March;3;15;Friday;5;dzień pracujący;brak święta;brak wakacji
806;2024-03-16;2024;March;3;16;Saturday;6;weekend;brak święta;brak wakacji
807;2024-03-17;2024;March;3;17;Sunday;7;weekend;brak święta;brak wakacji
808;2024-03-18;2024;March;3;18;Monday;1;dzień pracujący;brak święta;brak wakacji
809;2024-03-19;2024;March;3;19;Tuesday;2;dzień pracujący;brak święta;brak wakacji
810;2024-03-20;2024;March;3;20;Wednesday;3;dzień pracujący;brak święta;brak wakacji
811;2024-03-21;2024;March;3;21;Thursday;4;dzień pracujący;brak święta;brak wakacji
812;2024-03-22;2024;March;3;22;Friday;5;dzień pracujący;brak święta;brak wakacji
813;2024-03-23;2024;March;3;23;Saturday;6;weekend;brak święta;brak wakacji
814;2024-03-24;2024;March;3;24;Sunday;7;weekend;brak święta;brak wakacji
815;2024-03-25;2024;March;3;25;Monday;1;dzień pracujący;brak święta;brak wakacji
816;2024-03-26;2024;March;3;26;Tuesday;2;dzień pracujący;brak święta;brak wakacji
817;2024-03-27;2024;March;3;27;Wednesday;3;dzień pracujący;brak święta;brak wakacji
818;2024-03-28;2024;March;3;28;Thursday;4;dzień pracujący;brak święta;brak wakacji
819;2024-03-29;2024;March;3;29;Friday;5;dzień pracujący;brak święta;brak wakacji
820;2024-03-30;2024;March;3;30;Saturday;6;weekend;brak święta;brak wakacji
821;2024-03-31;2024;March;3;31;Sunday;7;weekend;Wielkanoc;brak wakacji
822;2024-04-01;2024;April;4;1;Monday;1;dzień pracujący;Poniedziałek Wielkanocny;brak wakacji
823;2024-04-02;2024;April;4;2;Tuesday;2;dzień pracujący;brak święta;brak wakacji
824;2024-04-03;2024;April;4;3;Wednesday;3;dzień pracujący;brak święta;brak wakacji
825;2024-04-04;2024;April;4;4;Thursday;4;dzień pracujący;brak święta;brak wakacji
826;2024-04-05;2024;April;4;5;Friday;5;dzień pracujący;brak święta;brak wakacji
827;2024-04-06;2024;April;4;6;Saturday;6;weekend;brak święta;brak wakacji
828;2024-04-07;2024;April;4;7;Sunday;7;weekend;brak święta;brak wakacji
829;2024-04-08;2024;April;4;8;Monday;1;dzień pracujący;brak święta;brak wakacji
830;2024-04-09;2024;April;4;9;Tuesday;2;dzień pracujący;brak święta;brak wakacji
831;2024-04-10;2024;April;4;10;Wednesday;3;dzień pracujący;brak święta;brak wakacji
832;2024-04-11;2024;April;4;11;Thursday;4;dzień pracujący;brak święta;brak wakacji
833;2024-04-12;2024;April;4;12;Friday;5;dzień pracujący;brak święta;brak wakacji
834;2024-04-13;2024;April;4;13;Saturday;6;weekend;brak święta;brak wakacji
835;2024-04-14;2024;April;4;14;Sunday;7;weekend;brak święta;brak wakacji
836;2024-04-15;2024;April;4;15;Monday;1;dzień pracujący;brak święta;brak wakacji
837;2024-04-16;2024;April;4;16;Tuesday;2;dzień pracujący;brak święta;brak wakacji
838;2024-04-17;2024;April;4;17;Wednesday;3;dzień pracujący;brak święta;brak wakacji
839;2024-04-18;2024;April;4;18;Thursday;4;dzień pracujący;brak święta;brak wakacji
840;2024-04-19;2024;April;4;19;Friday;5;dzień pracujący;brak święta;brak wakacji
841;2024-04-20;2024;April;4;20;Saturday;6;weekend;brak święta;brak wakacji
842;2024-04-21;2024;April;4;21;Sunday;7;weekend;brak święta;brak wakacji
843;2024-04-22;2024;April;4;22;Monday;1;dzień pracujący;brak święta;brak wakacji
844;2024-04-23;2024;April;4;23;Tuesday;2;dzień pracujący;brak święta;brak wakacji
845;2024-04-24;2024;April;4;24;Wednesday;3;dzień pracujący;brak święta;brak wakacji
846;2024-04-25;2024;April;4;25;Thursday;4;dzień pracujący;brak święta;brak wakacji
847;2024-04-26;2024;April;4;26;Friday;5;dzień pracujący;brak święta;brak wakacji
848;2024-04-27;2024;April;4;27;Saturday;6;weekend;brak święta;brak wakacji
849;2024-04-28;2024;April;4;28;Sunday;7;weekend;brak święta;brak wakacji
850;2024-04-29;2024;April;4;29;Monday;1;dzień pracujący;brak święta;brak wakacji
851;2024-04-30;2024;April;4;30;Tuesday;2;dzień pracujący;brak święta;brak wakacji
852;2024-05-01;2024;May;5;1;Wednesday;3;dzień pracujący;Święto Pracy;brak wakacji
853;2024-05-02;2024;May;5;2;Thursday;4;dzień pracujący;brak święta;brak wakacji
854;2024-05-03;2024;May;5;3;Friday;5;dzień pracujący;Święto Konstytucji 3 Maja;brak wakacji
855;2024-05-04;2024;May;5;4;Saturday;6;weekend;brak święta;brak wakacji
856;2024-05-05;2024;May;5;5;Sunday;7;weekend;brak święta;brak wakacji
857;2024-05-06;2024;May;5;6;Monday;1;dzień pracujący;brak święta;brak wakacji
858;2024-05-07;2024;May;5;7;Tuesday;2;dzień pracujący;brak święta;brak wakacji
859;2024-05-08;2024;May;5;8;Wednesday;3;dzień pracujący;brak święta;brak wakacji
860;2024-05-09;2024;May;5;9;Thursday;4;dzień pracujący;brak święta;brak wakacji
861;2024-05-10;2024;May;5;10;Friday;5;dzień pracujący;brak święta;brak wakacji
862;2024-05-11;2024;May;5;11;Saturday;6;weekend;brak święta;brak wakacji
863;2024-05-12;2024;May;5;12;Sunday;7;weekend;brak święta;brak wakacji
864;2024-05-13;2024;May;5;13;Monday;1;dzień pracujący;brak święta;brak wakacji
865;2024-05-14;2024;May;5;14;Tuesday;2;dzień pracujący;brak święta;brak wakacji
866;2024-05-15;2024;May;5;15;Wednesday;3;dzień pracujący;brak święta;brak wakacji
867;2024-05-16;2024;May;5;16;Thursday;4;dzień pracujący;brak święta;brak wakacji
868;2024-05-17;2024;May;5;17;Friday;5;dzień pracujący;brak święta;brak wakacji
869;2024-05-18;2024;May;5;18;Saturday;6;weekend;brak święta;brak wakacji
870;2024-05-19;2024;May;5;19;Sunday;7;weekend;Zielone Świątki;brak wakacji
871;2024-05-20;2024;May;5;20;Monday;1;dzień pracujący;brak święta;brak wakacji
872;2024-05-21;2024;May;5;21;Tuesday;2;dzień pracujący;brak święta;brak wakacji
873;2024-05-22;2024;May;5;22;Wednesday;3;dzień pracujący;brak święta;brak wakacji
874;2024-05-23;2024;May;5;23;Thursday;4;dzień pracujący;brak święta;brak wakacji
875;2024-05-24;2024;May;5;24;Friday;5;dzień pracujący;brak święta;brak wakacji
876;2024-05-25;2024;May;5;25;Saturday;6;weekend;brak święta;brak wakacji
877;2024-05-26;2024;May;5;26;Sunday;7;weekend;brak święta;brak wakacji
878;2024-05-27;2024;May;5;27;Monday;1;dzień pracujący;brak święta;brak wakacji
879;2024-05-28;2024;May;5;28;Tuesday;2;dzień pracujący;brak święta;brak wakacji
880;2024-05-29;2024;May;5;29;Wednesday;3;dzień pracujący;brak święta;brak wakacji
881;2024-05-30;2024;May;5;30;Thursday;4;dzień pracujący;Boże Ciało;brak wakacji
882;2024-05-31;2024;May;5;31;Friday;5;dzień pracujący;brak święta;brak wakacji
883;2024-06-01;2024;June;6;1;Saturday;6;weekend;brak święta;brak wakacji
884;2024-06-02;2024;June;6;2;Sunday;7;weekend;brak święta;brak wakacji
885;2024-06-03;2024;June;6;3;Monday;1;dzień pracujący;brak święta;brak wakacji
886;2024-06-04;2024;June;6;4;Tuesday;2;dzień pracujący;brak święta;brak wakacji
887;2024-06-05;2024;June;6;5;Wednesday;3;dzień pracujący;brak święta;brak wakacji
888;2024-06-06;2024;June;6;6;Thursday;4;dzień pracujący;brak święta;brak wakacji
889;2024-06-07;2024;June;6;7;Friday;5;dzień pracujący;brak święta;brak wakacji
890;2024-06-08;2024;June;6;8;Saturday;6;weekend;brak święta;brak wakacji
891;2024-06-09;2024;June;6;9;Sunday;7;weekend;brak święta;brak wakacji
892;2024-06-10;2024;June;6;10;Monday;1;dzień pracujący;brak święta;brak wakacji
893;2024-06-11;2024;June;6;11;Tuesday;2;dzień pracujący;brak święta;brak wakacji
894;2024-06-12;2024;June;6;12;Wednesday;3;dzień pracujący;brak święta;brak wakacji
895;2024-06-13;2024;June;6;13;Thursday;4;dzień pracujący;brak święta;brak wakacji
896;2024-06-14;2024;June;6;14;Friday;5;dzień pracujący;brak święta;brak wakacji
897;2024-06-15;2024;June;6;15;Saturday;6;weekend;brak święta;brak wakacji
898;2024-06-16;2024;June;6;16;Sunday;7;weekend;brak święta;brak wakacji
899;2024-06-17;2024;June;6;17;Monday;1;dzień pracujący;brak święta;brak wakacji
900;2024-06-18;2024;June;6;18;Tuesday;2;dzień pracujący;brak święta;brak wakacji
901;2024-06-19;2024;June;6;19;Wednesday;3;dzień pracujący;brak święta;brak wakacji
902;2024-06-20;2024;June;6;20;Thursday;4;dzień pracujący;brak święta;brak wakacji
903;2024-06-21;2024;June;6;21;Friday;5;dzień pracujący;brak święta;brak wakacji
904;2024-06-22;2024;June;6;22;Saturday;6;weekend;brak święta;brak wakacji
905;2024-06-23;2024;June;6;23;Sunday;7;weekend;brak święta;brak wakacji
906;2024-06-24;2024;June;6;24;Monday;1;dzień pracujący;brak święta;brak wakacji
907;2024-06-25;2024;June;6;25;Tuesday;2;dzień pracujący;brak święta;brak wakacji
908;2024-06-26;2024;June;6;26;Wednesday;3;dzień pracujący;brak święta;brak wakacji
909;2024-06-27;2024;June;6;27;Thursday;4;dzień pracujący;brak święta;brak wakacji
910;2024-06-28;2024;June;6;28;Friday;5;dzień pracujący;brak święta;brak wakacji
911;2024-06-29;2024;June;6;29;Saturday;6;weekend;brak święta;brak wakacji
912;2024-06-30;2024;June;6;30;Sunday;7;weekend;brak święta;brak wakacji
913;2024-07-01;2024;July;7;1;Monday;1;dzień pracujący;brak święta;wakacje letnie
914;2024-07-02;2024;July;7;2;Tuesday;2;dzień pracujący;brak święta;wakacje letnie
915;2024-07-03;2024;July;7;3;Wednesday;3;dzień pracujący;brak święta;wakacje letnie
916;2024-07-04;2024;July;7;4;Thursday;4;dzień pracujący;brak święta;wakacje letnie
917;2024-07-05;2024;July;7;5;Friday;5;dzień pracujący;brak święta;wakacje letnie
918;2024-07-06;2024;July;7;6;Saturday;6;weekend;brak święta;wakacje letnie
919;2024-07-07;2024;July;7;7;Sunday;7;weekend;brak święta;wakacje letnie
920;2024-07-08;2024;July;7;8;Monday;1;dzień pracujący;brak święta;wakacje letnie
921;2024-07-09;2024;July;7;9;Tuesday;2;dzień pracujący;brak święta;wakacje letnie
922;2024-07-10;2024;July;7;10;Wednesday;3;dzień pracujący;brak święta;wakacje letnie
923;2024-07-11;2024;July;7;11;Thursday;4;dzień pracujący;brak święta;wakacje letnie
924;2024-07-12;2024;July;7;12;Friday;5;dzień pracujący;brak święta;wakacje letnie
925;2024-07-13;2024;July;7;13;Saturday;6;weekend;brak święta;wakacje letnie
926;2024-07-14;2024;July;7;14;Sunday;7;weekend;brak święta;wakacje letnie
927;2024-07-15;2024;July;7;15;Monday;1;dzień pracujący;brak święta;wakacje letnie
928;2024-07-16;2024;July;7;16;Tuesday;2;dzień pracujący;brak święta;wakacje letnie
929;2024-07-17;2024;July;7;17;Wednesday;3;dzień pracujący;brak święta;wakacje letnie
930;2024-07-18;2024;July;7;18;Thursday;4;dzień pracujący;brak święta;wakacje letnie
931;2024-07-19;2024;July;7;19;Friday;5;dzień pracujący;brak święta;wakacje letnie
932;2024-07-20;2024;July;7;20;Saturday;6;weekend;brak święta;wakacje letnie
933;2024-07-21;2024;July;7;21;Sunday;7;weekend;brak święta;wakacje letnie
934;2024-07-22;2024;July;7;22;Monday;1;dzień pracujący;brak święta;wakacje letnie
935;2024-07-23;2024;July;7;23;Tuesday;2;dzień pracujący;brak święta;wakacje letnie
936;2024-07-24;2024;July;7;24;Wednesday;3;dzień pracujący;brak święta;wakacje letnie
937;2024-07-25;2024;July;7;25;Thursday;4;dzień pracujący;brak święta;wakacje letnie
938;2024-07-26;2024;July;7;26;Friday;5;dzień pracujący;brak święta;wakacje letnie
939;2024-07-27;2024;July;7;27;Saturday;6;weekend;brak święta;wakacje letnie
940;2024-07-28;2024;July;7;28;Sunday;7;weekend;brak święta;wakacje letnie
941;2024-07-29;2024;July;7;29;Monday;1;dzień pracujący;brak święta;wakacje letnie
942;2024-07-30;2024;July;7;30;Tuesday;2;dzień pracujący;brak święta;wakacje letnie
943;2024-07-31;2024;July;7;31;Wednesday;3;dzień pracujący;brak święta;wakacje letnie
944;2024-08-01;2024;August;8;1;Thursday;4;dzień pracujący;brak święta;wakacje letnie
945;2024-08-02;2024;August;8;2;Friday;5;dzień pracujący;brak święta;wakacje letnie
946;2024-08-03;2024;August;8;3;Saturday;6;weekend;brak święta;wakacje letnie
947;2024-08-04;2024;August;8;4;Sunday;7;weekend;brak święta;wakacje letnie
948;2024-08-05;2024;August;8;5;Monday;1;dzień pracujący;brak święta;wakacje letnie
949;2024-08-06;2024;August;8;6;Tuesday;2;dzień pracujący;brak święta;wakacje letnie
950;2024-08-07;2024;August;8;7;Wednesday;3;dzień pracujący;brak święta;wakacje letnie
951;2024-08-08;2024;August;8;8;Thursday;4;dzień pracujący;brak święta;wakacje letnie
952;2024-08-09;2024;August;8;9;Friday;5;dzień pracujący;brak święta;wakacje letnie
953;2024-08-10;2024;August;8;10;Saturday;6;weekend;brak święta;wakacje letnie
954;2024-08-11;2024;August;8;11;Sunday;7;weekend;brak święta;wakacje letnie
955;2024-08-12;2024;August;8;12;Monday;1;dzień pracujący;brak święta;wakacje letnie
956;2024-08-13;2024;August;8;13;Tuesday;2;dzień pracujący;brak święta;wakacje letnie
957;2024-08-14;2024;August;8;14;Wednesday;3;dzień pracujący;brak święta;wakacje letnie
958;2024-08-15;2024;August;8;15;Thursday;4;dzień pracujący;Wniebowstąpienie NMP;wakacje letnie
959;2024-08-16;2024;August;8;16;Friday;5;dzień pracujący;brak święta;wakacje letnie
960;2024-08-17;2024;August;8;17;Saturday;6;weekend;brak święta;wakacje letnie
961;2024-08-18;2024;August;8;18;Sunday;7;weekend;brak święta;wakacje letnie
962;2024-08-19;2024;August;8;19;Monday;1;dzień pracujący;brak święta;wakacje letnie
963;2024-08-20;2024;August;8;20;Tuesday;2;dzień pracujący;brak święta;wakacje letnie
964;2024-08-21;2024;August;8;21;Wednesday;3;dzień pracujący;brak święta;wakacje letnie
965;2024-08-22;2024;August;8;22;Thursday;4;dzień pracujący;brak święta;wakacje letnie
966;2024-08-23;2024;August;8;23;Friday;5;dzień pracujący;brak święta;wakacje letnie
967;2024-08-24;2024;August;8;24;Saturday;6;weekend;brak święta;wakacje letnie
968;2024-08-25;2024;August;8;25;Sunday;7;weekend;brak święta;wakacje letnie
969;2024-08-26;2024;August;8;26;Monday;1;dzień pracujący;brak święta;wakacje letnie
970;2024-08-27;2024;August;8;27;Tuesday;2;dzień pracujący;brak święta;wakacje letnie
971;2024-08-28;2024;August;8;28;Wednesday;3;dzień pracujący;brak święta;wakacje letnie
972;2024-08-29;2024;August;8;29;Thursday;4;dzień pracujący;brak święta;wakacje letnie
973;2024-08-30;2024;August;8;30;Friday;5;dzień pracujący;brak święta;wakacje letnie
974;2024-08-31;2024;August;8;31;Saturday;6;weekend;brak święta;wakacje letnie
975;2024-09-01;2024;September;9;1;Sunday;7;weekend;brak święta;brak wakacji
976;2024-09-02;2024;September;9;2;Monday;1;dzień pracujący;brak święta;brak wakacji
977;2024-09-03;2024;September;9;3;Tuesday;2;dzień pracujący;brak święta;brak wakacji
978;2024-09-04;2024;September;9;4;Wednesday;3;dzień pracujący;brak święta;brak wakacji
979;2024-09-05;2024;September;9;5;Thursday;4;dzień pracujący;brak święta;brak wakacji
980;2024-09-06;2024;September;9;6;Friday;5;dzień pracujący;brak święta;brak wakacji
981;2024-09-07;2024;September;9;7;Saturday;6;weekend;brak święta;brak wakacji
982;2024-09-08;2024;September;9;8;Sunday;7;weekend;brak święta;brak wakacji
983;2024-09-09;2024;September;9;9;Monday;1;dzień pracujący;brak święta;brak wakacji
984;2024-09-10;2024;September;9;10;Tuesday;2;dzień pracujący;brak święta;brak wakacji
985;2024-09-11;2024;September;9;11;Wednesday;3;dzień pracujący;brak święta;brak wakacji
986;2024-09-12;2024;September;9;12;Thursday;4;dzień pracujący;brak święta;brak wakacji
987;2024-09-13;2024;September;9;13;Friday;5;dzień pracujący;brak święta;brak wakacji
988;2024-09-14;2024;September;9;14;Saturday;6;weekend;brak święta;brak wakacji
989;2024-09-15;2024;September;9;15;Sunday;7;weekend;brak święta;brak wakacji
990;2024-09-16;2024;September;9;16;Monday;1;dzień pracujący;brak święta;brak wakacji
991;2024-09-17;2024;September;9;17;Tuesday;2;dzień pracujący;brak święta;brak wakacji
992;2024-09-18;2024;September;9;18;Wednesday;3;dzień pracujący;brak święta;brak wakacji
993;2024-09-19;2024;September;9;19;Thursday;4;dzień pracujący;brak święta;brak wakacji
994;2024-09-20;2024;September;9;20;Friday;5;dzień pracujący;brak święta;brak wakacji
995;2024-09-21;2024;September;9;21;Saturday;6;weekend;brak święta;brak wakacji
996;2024-09-22;2024;September;9;22;Sunday;7;weekend;brak święta;brak wakacji
997;2024-09-23;2024;September;9;23;Monday;1;dzień pracujący;brak święta;brak wakacji
998;2024-09-24;2024;September;9;24;Tuesday;2;dzień pracujący;brak święta;brak wakacji
999;2024-09-25;2024;September;9;25;Wednesday;3;dzień pracujący;brak święta;brak wakacji
1000;2024-09-26;2024;September;9;26;Thursday;4;dzień pracujący;brak święta;brak wakacji
1001;2024-09-27;2024;September;9;27;Friday;5;dzień pracujący;brak święta;brak wakacji
1002;2024-09-28;2024;September;9;28;Saturday;6;weekend;brak święta;brak wakacji
1003;2024-09-29;2024;September;9;29;Sunday;7;weekend;brak święta;brak wakacji
1004;2024-09-30;2024;September;9;30;Monday;1;dzień pracujący;brak święta;brak wakacji
1005;2024-10-01;2024;October;10;1;Tuesday;2;dzień pracujący;brak święta;brak wakacji
1006;2024-10-02;2024;October;10;2;Wednesday;3;dzień pracujący;brak święta;brak wakacji
1007;2024-10-03;2024;October;10;3;Thursday;4;dzień pracujący;brak święta;brak wakacji
1008;2024-10-04;2024;October;10;4;Friday;5;dzień pracujący;brak święta;brak wakacji
1009;2024-10-05;2024;October;10;5;Saturday;6;weekend;brak święta;brak wakacji
1010;2024-10-06;2024;October;10;6;Sunday;7;weekend;brak święta;brak wakacji
1011;2024-10-07;2024;October;10;7;Monday;1;dzień pracujący;brak święta;brak wakacji
1012;2024-10-08;2024;October;10;8;Tuesday;2;dzień pracujący;brak święta;brak wakacji
1013;2024-10-09;2024;October;10;9;Wednesday;3;dzień pracujący;brak święta;brak wakacji
1014;2024-10-10;2024;October;10;10;Thursday;4;dzień pracujący;brak święta;brak wakacji
1015;2024-10-11;2024;October;10;11;Friday;5;dzień pracujący;brak święta;brak wakacji
1016;2024-10-12;2024;October;10;12;Saturday;6;weekend;brak święta;brak wakacji
1017;2024-10-13;2024;October;10;13;Sunday;7;weekend;brak święta;brak wakacji
1018;2024-10-14;2024;October;10;14;Monday;1;dzień pracujący;brak święta;brak wakacji
1019;2024-10-15;2024;October;10;15;Tuesday;2;dzień pracujący;brak święta;brak wakacji
1020;2024-10-16;2024;October;10;16;Wednesday;3;dzień pracujący;brak święta;brak wakacji
1021;2024-10-17;2024;October;10;17;Thursday;4;dzień pracujący;brak święta;brak wakacji
1022;2024-10-18;2024;October;10;18;Friday;5;dzień pracujący;brak święta;brak wakacji
1023;2024-10-19;2024;October;10;19;Saturday;6;weekend;brak święta;brak wakacji
1024;2024-10-20;2024;October;10;20;Sunday;7;weekend;brak święta;brak wakacji
1025;2024-10-21;2024;October;10;21;Monday;1;dzień pracujący;brak święta;brak wakacji
1026;2024-10-22;2024;October;10;22;Tuesday;2;dzień pracujący;brak święta;brak wakacji
1027;2024-10-23;2024;October;10;23;Wednesday;3;dzień pracujący;brak święta;brak wakacji
1028;2024-10-24;2024;October;10;24;Thursday;4;dzień pracujący;brak święta;brak wakacji
1029;2024-10-25;2024;October;10;25;Friday;5;dzień pracujący;brak święta;brak wakacji
1030;2024-10-26;2024;October;10;26;Saturday;6;weekend;brak święta;brak wakacji
1031;2024-10-27;2024;October;10;27;Sunday;7;weekend;brak święta;brak wakacji
1032;2024-10-28;2024;October;10;28;Monday;1;dzień pracujący;brak święta;brak wakacji
1033;2024-10-29;2024;October;10;29;Tuesday;2;dzień pracujący;brak święta;brak wakacji
1034;2024-10-30;2024;October;10;30;Wednesday;3;dzień pracujący;brak święta;brak wakacji
1035;2024-10-31;2024;October;10;31;Thursday;4;dzień pracujący;brak święta;brak wakacji
1036;2024-11-01;2024;November;11;1;Friday;5;dzień pracujący;Wszystkich Świętych;brak wakacji
1037;2024-11-02;2024;November;11;2;Saturday;6;weekend;brak święta;brak wakacji
1038;2024-11-03;2024;November;11;3;Sunday;7;weekend;brak święta;brak wakacji
1039;2024-11-04;2024;November;11;4;Monday;1;dzień pracujący;brak święta;brak wakacji
1040;2024-11-05;2024;November;11;5;Tuesday;2;dzień pracujący;brak święta;brak wakacji
1041;2024-11-06;2024;November;11;6;Wednesday;3;dzień pracujący;brak święta;brak wakacji
1042;2024-11-07;2024;November;11;7;Thursday;4;dzień pracujący;brak święta;brak wakacji
1043;2024-11-08;2024;November;11;8;Friday;5;dzień pracujący;brak święta;brak wakacji
1044;2024-11-09;2024;November;11;9;Saturday;6;weekend;brak święta;brak wakacji
1045;2024-11-10;2024;November;11;10;Sunday;7;weekend;brak święta;brak wakacji
1046;2024-11-11;2024;November;11;11;Monday;1;dzień pracujący;Święto Niepodległości;brak wakacji
1047;2024-11-12;2024;November;11;12;Tuesday;2;dzień pracujący;brak święta;brak wakacji
1048;2024-11-13;2024;November;11;13;Wednesday;3;dzień pracujący;brak święta;brak wakacji
1049;2024-11-14;2024;November;11;14;Thursday;4;dzień pracujący;brak święta;brak wakacji
1050;2024-11-15;2024;November;11;15;Friday;5;dzień pracujący;brak święta;brak wakacji
1051;2024-11-16;2024;November;11;16;Saturday;6;weekend;brak święta;brak wakacji
1052;2024-11-17;2024;November;11;17;Sunday;7;weekend;brak święta;brak wakacji
1053;2024-11-18;2024;November;11;18;Monday;1;dzień pracujący;brak święta;brak wakacji
1054;2024-11-19;2024;November;11;19;Tuesday;2;dzień pracujący;brak święta;brak wakacji
1055;2024-11-20;2024;November;11;20;Wednesday;3;dzień pracujący;brak święta;brak wakacji
1056;2024-11-21;2024;November;11;21;Thursday;4;dzień pracujący;brak święta;brak wakacji
1057;2024-11-22;2024;November;11;22;Friday;5;dzień pracujący;brak święta;brak wakacji
1058;2024-11-23;2024;November;11;23;Saturday;6;weekend;brak święta;brak wakacji
1059;2024-11-24;2024;November;11;24;Sunday;7;weekend;brak święta;brak wakacji
1060;2024-11-25;2024;November;11;25;Monday;1;dzień pracujący;brak święta;brak wakacji
1061;2024-11-26;2024;November;11;26;Tuesday;2;dzień pracujący;brak święta;brak wakacji
1062;2024-11-27;2024;November;11;27;Wednesday;3;dzień pracujący;brak święta;brak wakacji
1063;2024-11-28;2024;November;11;28;Thursday;4;dzień pracujący;brak święta;brak wakacji
1064;2024-11-29;2024;November;11;29;Friday;5;dzień pracujący;brak święta;brak wakacji
1065;2024-11-30;2024;November;11;30;Saturday;6;weekend;brak święta;brak wakacji
1066;2024-12-01;2024;December;12;1;Sunday;7;weekend;brak święta;brak wakacji
1067;2024-12-02;2024;December;12;2;Monday;1;dzień pracujący;brak święta;brak wakacji
1068;2024-12-03;2024;December;12;3;Tuesday;2;dzień pracujący;brak święta;brak wakacji
1069;2024-12-04;2024;December;12;4;Wednesday;3;dzień pracujący;brak święta;brak wakacji
1070;2024-12-05;2024;December;12;5;Thursday;4;dzień pracujący;brak święta;brak wakacji
1071;2024-12-06;2024;December;12;6;Friday;5;dzień pracujący;brak święta;brak wakacji
1072;2024-12-07;2024;December;12;7;Saturday;6;weekend;brak święta;brak wakacji
1073;2024-12-08;2024;December;12;8;Sunday;7;weekend;brak święta;brak wakacji
1074;2024-12-09;2024;December;12;9;Monday;1;dzień pracujący;brak święta;brak wakacji
1075;2024-12-10;2024;December;12;10;Tuesday;2;dzień pracujący;brak święta;brak wakacji
1076;2024-12-11;2024;December;12;11;Wednesday;3;dzień pracujący;brak święta;brak wakacji
1077;2024-12-12;2024;December;12;12;Thursday;4;dzień pracujący;brak święta;brak wakacji
1078;2024-12-13;2024;December;12;13;Friday;5;dzień pracujący;brak święta;brak wakacji
1079;2024-12-14;2024;December;12;14;Saturday;6;weekend;brak święta;brak wakacji
1080;2024-12-15;2024;December;12;15;Sunday;7;weekend;brak święta;brak wakacji
1081;2024-12-16;2024;December;12;16;Monday;1;dzień pracujący;brak święta;brak wakacji
1082;2024-12-17;2024;December;12;17;Tuesday;2;dzień pracujący;brak święta;brak wakacji
1083;2024-12-18;2024;December;12;18;Wednesday;3;dzień pracujący;brak święta;brak wakacji
1084;2024-12-19;2024;December;12;19;Thursday;4;dzień pracujący;brak święta;brak wakacji
1085;2024-12-20;2024;December;12;20;Friday;5;dzień pracujący;brak święta;brak wakacji
1086;2024-12-21;2024;December;12;21;Saturday;6;weekend;brak święta;brak wakacji
1087;2024-12-22;2024;December;12;22;Sunday;7;weekend;brak święta;brak wakacji
1088;2024-12-23;2024;December;12;23;Monday;1;dzień pracujący;brak święta;brak wakacji
1089;2024-12-24;2024;December;12;24;Tuesday;2;dzień pracujący;Wigilia;brak wakacji
1090;2024-12-25;2024;December;12;25;Wednesday;3;dzień pracujący;Pierwszy Dzień Bożego Narodzenia;brak wakacji
1091;2024-12-26;2024;December;12;26;Thursday;4;dzień pracujący;Drugi Dzień Bożego Narodzenia;brak wakacji
1092;2024-12-27;2024;December;12;27;Friday;5;dzień pracujący;brak święta;brak wakacji
1093;2024-12-28;2024;December;12;28;Saturday;6;weekend;brak święta;brak wakacji
1094;2024-12-29;2024;December;12;29;Sunday;7;weekend;brak święta;brak wakacji
1095;2024-12-30;2024;December;12;30;Monday;1;dzień pracujący;brak święta;brak wakacji
1096;2024-12-31;2024;December;12;31;Tuesday;2;dzień pracujący;brak święta;brak wakacji
1097;2025-01-01;2025;January;1;1;Wednesday;3;dzień pracujący;Nowy Rok;brak wakacji
1098;2025-01-02;2025;January;1;2;Thursday;4;dzień pracujący;brak święta;brak wakacji
1099;2025-01-03;2025;January;1;3;Friday;5;dzień pracujący;brak święta;brak wakacji
1100;2025-01-04;2025;January;1;4;Saturday;6;weekend;brak święta;brak wakacji
1101;2025-01-05;2025;January;1;5;Sunday;7;weekend;brak święta;brak wakacji
1102;2025-01-06;2025;January;1;6;Monday;1;dzień pracujący;Święto Trzech Króli;brak wakacji
1103;2025-01-07;2025;January;1;7;Tuesday;2;dzień pracujący;brak święta;brak wakacji
1104;2025-01-08;2025;January;1;8;Wednesday;3;dzień pracujący;brak święta;brak wakacji
1105;2025-01-09;2025;January;1;9;Thursday;4;dzień pracujący;brak święta;brak wakacji
1106;2025-01-10;2025;January;1;10;Friday;5;dzień pracujący;brak święta;brak wakacji
1107;2025-01-11;2025;January;1;11;Saturday;6;weekend;brak święta;brak wakacji
1108;2025-01-12;2025;January;1;12;Sunday;7;weekend;brak święta;brak wakacji
1109;2025-01-13;2025;January;1;13;Monday;1;dzień pracujący;brak święta;brak wakacji
1110;2025-01-14;2025;January;1;14;Tuesday;2;dzień pracujący;brak święta;brak wakacji
1111;2025-01-15;2025;January;1;15;Wednesday;3;dzień pracujący;brak święta;brak wakacji
1112;2025-01-16;2025;January;1;16;Thursday;4;dzień pracujący;brak święta;brak wakacji
1113;2025-01-17;2025;January;1;17;Friday;5;dzień pracujący;brak święta;brak wakacji
1114;2025-01-18;2025;January;1;18;Saturday;6;weekend;brak święta;brak wakacji
1115;2025-01-19;2025;January;1;19;Sunday;7;weekend;brak święta;brak wakacji
1116;2025-01-20;2025;January;1;20;Monday;1;dzień pracujący;brak święta;brak wakacji
1117;2025-01-21;2025;January;1;21;Tuesday;2;dzień pracujący;brak święta;brak wakacji
1118;2025-01-22;2025;January;1;22;Wednesday;3;dzień pracujący;brak święta;brak wakacji
1119;2025-01-23;2025;January;1;23;Thursday;4;dzień pracujący;brak święta;brak wakacji
1120;2025-01-24;2025;January;1;24;Friday;5;dzień pracujący;brak święta;brak wakacji
1121;2025-01-25;2025;January;1;25;Saturday;6;weekend;brak święta;brak wakacji
1122;2025-01-26;2025;January;1;26;Sunday;7;weekend;brak święta;brak wakacji
1123;2025-01-27;2025;January;1;27;Monday;1;dzień pracujący;brak święta;brak wakacji
1124;2025-01-28;2025;January;1;28;Tuesday;2;dzień pracujący;brak święta;brak wakacji
1125;2025-01-29;2025;January;1;29;Wednesday;3;dzień pracujący;brak święta;brak wakacji
1126;2025-01-30;2025;January;1;30;Thursday;4;dzień pracujący;brak święta;brak wakacji
1127;2025-01-31;2025;January;1;31;Friday;5;dzień pracujący;brak święta;brak wakacji
1128;2025-02-01;2025;February;2;1;Saturday;6;weekend;brak święta;ferie zimowe
1129;2025-02-02;2025;February;2;2;Sunday;7;weekend;brak święta;ferie zimowe
1130;2025-02-03;2025;February;2;3;Monday;1;dzień pracujący;brak święta;ferie zimowe
1131;2025-02-04;2025;February;2;4;Tuesday;2;dzień pracujący;brak święta;ferie zimowe
1132;2025-02-05;2025;February;2;5;Wednesday;3;dzień pracujący;brak święta;ferie zimowe
1133;2025-02-06;2025;February;2;6;Thursday;4;dzień pracujący;brak święta;ferie zimowe
1134;2025-02-07;2025;February;2;7;Friday;5;dzień pracujący;brak święta;ferie zimowe
1135;2025-02-08;2025;February;2;8;Saturday;6;weekend;brak święta;ferie zimowe
1136;2025-02-09;2025;February;2;9;Sunday;7;weekend;brak święta;ferie zimowe
1137;2025-02-10;2025;February;2;10;Monday;1;dzień pracujący;brak święta;ferie zimowe
1138;2025-02-11;2025;February;2;11;Tuesday;2;dzień pracujący;brak święta;ferie zimowe
1139;2025-02-12;2025;February;2;12;Wednesday;3;dzień pracujący;brak święta;ferie zimowe
1140;2025-02-13;2025;February;2;13;Thursday;4;dzień pracujący;brak święta;ferie zimowe
1141;2025-02-14;2025;February;2;14;Friday;5;dzień pracujący;brak święta;ferie zimowe
1142;2025-02-15;2025;February;2;15;Saturday;6;weekend;brak święta;ferie zimowe
1143;2025-02-16;2025;February;2;16;Sunday;7;weekend;brak święta;brak wakacji
1144;2025-02-17;2025;February;2;17;Monday;1;dzień pracujący;brak święta;brak wakacji
1145;2025-02-18;2025;February;2;18;Tuesday;2;dzień pracujący;brak święta;brak wakacji
1146;2025-02-19;2025;February;2;19;Wednesday;3;dzień pracujący;brak święta;brak wakacji
1147;2025-02-20;2025;February;2;20;Thursday;4;dzień pracujący;brak święta;brak wakacji
1148;2025-02-21;2025;February;2;21;Friday;5;dzień pracujący;brak święta;brak wakacji
1149;2025-02-22;2025;February;2;22;Saturday;6;weekend;brak święta;brak wakacji
1150;2025-02-23;2025;February;2;23;Sunday;7;weekend;brak święta;brak wakacji
1151;2025-02-24;2025;February;2;24;Monday;1;dzień pracujący;brak święta;brak wakacji
1152;2025-02-25;2025;February;2;25;Tuesday;2;dzień pracujący;brak święta;brak wakacji
1153;2025-02-26;2025;February;2;26;Wednesday;3;dzień pracujący;brak święta;brak wakacji
1154;2025-02-27;2025;February;2;27;Thursday;4;dzień pracujący;brak święta;brak wakacji
1155;2025-02-28;2025;February;2;28;Friday;5;dzień pracujący;brak święta;brak wakacji
1156;2025-03-01;2025;March;3;1;Saturday;6;weekend;brak święta;brak wakacji
1157;2025-03-02;2025;March;3;2;Sunday;7;weekend;brak święta;brak wakacji
1158;2025-03-03;2025;March;3;3;Monday;1;dzień pracujący;brak święta;brak wakacji
1159;2025-03-04;2025;March;3;4;Tuesday;2;dzień pracujący;brak święta;brak wakacji
1160;2025-03-05;2025;March;3;5;Wednesday;3;dzień pracujący;brak święta;brak wakacji
1161;2025-03-06;2025;March;3;6;Thursday;4;dzień pracujący;brak święta;brak wakacji
1162;2025-03-07;2025;March;3;7;Friday;5;dzień pracujący;brak święta;brak wakacji
1163;2025-03-08;2025;March;3;8;Saturday;6;weekend;brak święta;brak wakacji
1164;2025-03-09;2025;March;3;9;Sunday;7;weekend;brak święta;brak wakacji
1165;2025-03-10;2025;March;3;10;Monday;1;dzień pracujący;brak święta;brak wakacji
1166;2025-03-11;2025;March;3;11;Tuesday;2;dzień pracujący;brak święta;brak wakacji
1167;2025-03-12;2025;March;3;12;Wednesday;3;dzień pracujący;brak święta;brak wakacji
1168;2025-03-13;2025;March;3;13;Thursday;4;dzień pracujący;brak święta;brak wakacji
1169;2025-03-14;2025;March;3;14;Friday;5;dzień pracujący;brak święta;brak wakacji
1170;2025-03-15;2025;March;3;15;Saturday;6;weekend;brak święta;brak wakacji
1171;2025-03-16;2025;March;3;16;Sunday;7;weekend;brak święta;brak wakacji
1172;2025-03-17;2025;March;3;17;Monday;1;dzień pracujący;brak święta;brak wakacji
1173;2025-03-18;2025;March;3;18;Tuesday;2;dzień pracujący;brak święta;brak wakacji
1174;2025-03-19;2025;March;3;19;Wednesday;3;dzień pracujący;brak święta;brak wakacji
1175;2025-03-20;2025;March;3;20;Thursday;4;dzień pracujący;brak święta;brak wakacji
1176;2025-03-21;2025;March;3;21;Friday;5;dzień pracujący;brak święta;brak wakacji
1177;2025-03-22;2025;March;3;22;Saturday;6;weekend;brak święta;brak wakacji
1178;2025-03-23;2025;March;3;23;Sunday;7;weekend;brak święta;brak wakacji
1179;2025-03-24;2025;March;3;24;Monday;1;dzień pracujący;brak święta;brak wakacji
1180;2025-03-25;2025;March;3;25;Tuesday;2;dzień pracujący;brak święta;brak wakacji
1181;2025-03-26;2025;March;3;26;Wednesday;3;dzień pracujący;brak święta;brak wakacji
1182;2025-03-27;2025;March;3;27;Thursday;4;dzień pracujący;brak święta;brak wakacji
1183;2025-03-28;2025;March;3;28;Friday;5;dzień pracujący;brak święta;brak wakacji
1184;2025-03-29;2025;March;3;29;Saturday;6;weekend;brak święta;brak wakacji
1185;2025-03-30;2025;March;3;30;Sunday;7;weekend;brak święta;brak wakacji
1186;2025-03-31;2025;March;3;31;Monday;1;dzień pracujący;brak święta;brak wakacji
1187;2025-04-01;2025;April;4;1;Tuesday;2;dzień pracujący;brak święta;brak wakacji
1188;2025-04-02;2025;April;4;2;Wednesday;3;dzień pracujący;brak święta;brak wakacji
1189;2025-04-03;2025;April;4;3;Thursday;4;dzień pracujący;brak święta;brak wakacji
1190;2025-04-04;2025;April;4;4;Friday;5;dzień pracujący;brak święta;brak wakacji
1191;2025-04-05;2025;April;4;5;Saturday;6;weekend;brak święta;brak wakacji
1192;2025-04-06;2025;April;4;6;Sunday;7;weekend;brak święta;brak wakacji
1193;2025-04-07;2025;April;4;7;Monday;1;dzień pracujący;brak święta;brak wakacji
1194;2025-04-08;2025;April;4;8;Tuesday;2;dzień pracujący;brak święta;brak wakacji
1195;2025-04-09;2025;April;4;9;Wednesday;3;dzień pracujący;brak święta;brak wakacji
1196;2025-04-10;2025;April;4;10;Thursday;4;dzień pracujący;brak święta;brak wakacji
1197;2025-04-11;2025;April;4;11;Friday;5;dzień pracujący;brak święta;brak wakacji
1198;2025-04-12;2025;April;4;12;Saturday;6;weekend;brak święta;brak wakacji
1199;2025-04-13;2025;April;4;13;Sunday;7;weekend;brak święta;brak wakacji
1200;2025-04-14;2025;April;4;14;Monday;1;dzień pracujący;brak święta;brak wakacji
1201;2025-04-15;2025;April;4;15;Tuesday;2;dzień pracujący;brak święta;brak wakacji
1202;2025-04-16;2025;April;4;16;Wednesday;3;dzień pracujący;brak święta;brak wakacji
1203;2025-04-17;2025;April;4;17;Thursday;4;dzień pracujący;brak święta;brak wakacji
1204;2025-04-18;2025;April;4;18;Friday;5;dzień pracujący;brak święta;brak wakacji
1205;2025-04-19;2025;April;4;19;Saturday;6;weekend;brak święta;brak wakacji
1206;2025-04-20;2025;April;4;20;Sunday;7;weekend;Wielkanoc;brak wakacji
1207;2025-04-21;2025;April;4;21;Monday;1;dzień pracujący;Poniedziałek Wielkanocny;brak wakacji
1208;2025-04-22;2025;April;4;22;Tuesday;2;dzień pracujący;brak święta;brak wakacji
1209;2025-04-23;2025;April;4;23;Wednesday;3;dzień pracujący;brak święta;brak wakacji
1210;2025-04-24;2025;April;4;24;Thursday;4;dzień pracujący;brak święta;brak wakacji
1211;2025-04-25;2025;April;4;25;Friday;5;dzień pracujący;brak święta;brak wakacji
1212;2025-04-26;2025;April;4;26;Saturday;6;weekend;brak święta;brak wakacji
1213;2025-04-27;2025;April;4;27;Sunday;7;weekend;brak święta;brak wakacji
1214;2025-04-28;2025;April;4;28;Monday;1;dzień pracujący;brak święta;brak wakacji
1215;2025-04-29;2025;April;4;29;Tuesday;2;dzień pracujący;brak święta;brak wakacji
1216;2025-04-30;2025;April;4;30;Wednesday;3;dzień pracujący;brak święta;brak wakacji
1217;2025-05-01;2025;May;5;1;Thursday;4;dzień pracujący;Święto Pracy;brak wakacji
1218;2025-05-02;2025;May;5;2;Friday;5;dzień pracujący;brak święta;brak wakacji
1219;2025-05-03;2025;May;5;3;Saturday;6;weekend;Święto Konstytucji 3 Maja;brak wakacji
1220;2025-05-04;2025;May;5;4;Sunday;7;weekend;brak święta;brak wakacji
1221;2025-05-05;2025;May;5;5;Monday;1;dzień pracujący;brak święta;brak wakacji
1222;2025-05-06;2025;May;5;6;Tuesday;2;dzień pracujący;brak święta;brak wakacji
1223;2025-05-07;2025;May;5;7;Wednesday;3;dzień pracujący;brak święta;brak wakacji
1224;2025-05-08;2025;May;5;8;Thursday;4;dzień pracujący;brak święta;brak wakacji
1225;2025-05-09;2025;May;5;9;Friday;5;dzień pracujący;brak święta;brak wakacji
1226;2025-05-10;2025;May;5;10;Saturday;6;weekend;brak święta;brak wakacji
1227;2025-05-11;2025;May;5;11;Sunday;7;weekend;brak święta;brak wakacji
1228;2025-05-12;2025;May;5;12;Monday;1;dzień pracujący;brak święta;brak wakacji
1229;2025-05-13;2025;May;5;13;Tuesday;2;dzień pracujący;brak święta;brak wakacji
1230;2025-05-14;2025;May;5;14;Wednesday;3;dzień pracujący;brak święta;brak wakacji
1231;2025-05-15;2025;May;5;15;Thursday;4;dzień pracujący;brak święta;brak wakacji
1232;2025-05-16;2025;May;5;16;Friday;5;dzień pracujący;brak święta;brak wakacji
1233;2025-05-17;2025;May;5;17;Saturday;6;weekend;brak święta;brak wakacji
1234;2025-05-18;2025;May;5;18;Sunday;7;weekend;brak święta;brak wakacji
1235;2025-05-19;2025;May;5;19;Monday;1;dzień pracujący;brak święta;brak wakacji
1236;2025-05-20;2025;May;5;20;Tuesday;2;dzień pracujący;brak święta;brak wakacji
1237;2025-05-21;2025;May;5;21;Wednesday;3;dzień pracujący;brak święta;brak wakacji
1238;2025-05-22;2025;May;5;22;Thursday;4;dzień pracujący;brak święta;brak wakacji
1239;2025-05-23;2025;May;5;23;Friday;5;dzień pracujący;brak święta;brak wakacji
1240;2025-05-24;2025;May;5;24;Saturday;6;weekend;brak święta;brak wakacji
1241;2025-05-25;2025;May;5;25;Sunday;7;weekend;brak święta;brak wakacji
1242;2025-05-26;2025;May;5;26;Monday;1;dzień pracujący;brak święta;brak wakacji
1243;2025-05-27;2025;May;5;27;Tuesday;2;dzień pracujący;brak święta;brak wakacji
1244;2025-05-28;2025;May;5;28;Wednesday;3;dzień pracujący;brak święta;brak wakacji
1245;2025-05-29;2025;May;5;29;Thursday;4;dzień pracujący;brak święta;brak wakacji
1246;2025-05-30;2025;May;5;30;Friday;5;dzień pracujący;brak święta;brak wakacji
1247;2025-05-31;2025;May;5;31;Saturday;6;weekend;brak święta;brak wakacji
1248;2025-06-01;2025;June;6;1;Sunday;7;weekend;brak święta;brak wakacji
1249;2025-06-02;2025;June;6;2;Monday;1;dzień pracujący;brak święta;brak wakacji
1250;2025-06-03;2025;June;6;3;Tuesday;2;dzień pracujący;brak święta;brak wakacji
1251;2025-06-04;2025;June;6;4;Wednesday;3;dzień pracujący;brak święta;brak wakacji
1252;2025-06-05;2025;June;6;5;Thursday;4;dzień pracujący;brak święta;brak wakacji
1253;2025-06-06;2025;June;6;6;Friday;5;dzień pracujący;brak święta;brak wakacji
1254;2025-06-07;2025;June;6;7;Saturday;6;weekend;brak święta;brak wakacji
1255;2025-06-08;2025;June;6;8;Sunday;7;weekend;Zielone Świątki;brak wakacji
1256;2025-06-09;2025;June;6;9;Monday;1;dzień pracujący;brak święta;brak wakacji
1257;2025-06-10;2025;June;6;10;Tuesday;2;dzień pracujący;brak święta;brak wakacji
1258;2025-06-11;2025;June;6;11;Wednesday;3;dzień pracujący;brak święta;brak wakacji
1259;2025-06-12;2025;June;6;12;Thursday;4;dzień pracujący;brak święta;brak wakacji
1260;2025-06-13;2025;June;6;13;Friday;5;dzień pracujący;brak święta;brak wakacji
1261;2025-06-14;2025;June;6;14;Saturday;6;weekend;brak święta;brak wakacji
1262;2025-06-15;2025;June;6;15;Sunday;7;weekend;brak święta;brak wakacji
1263;2025-06-16;2025;June;6;16;Monday;1;dzień pracujący;brak święta;brak wakacji
1264;2025-06-17;2025;June;6;17;Tuesday;2;dzień pracujący;brak święta;brak wakacji
1265;2025-06-18;2025;June;6;18;Wednesday;3;dzień pracujący;brak święta;brak wakacji
1266;2025-06-19;2025;June;6;19;Thursday;4;dzień pracujący;Boże Ciało;brak wakacji
1267;2025-06-20;2025;June;6;20;Friday;5;dzień pracujący;brak święta;brak wakacji
1268;2025-06-21;2025;June;6;21;Saturday;6;weekend;brak święta;brak wakacji
1269;2025-06-22;2025;June;6;22;Sunday;7;weekend;brak święta;brak wakacji
1270;2025-06-23;2025;June;6;23;Monday;1;dzień pracujący;brak święta;brak wakacji
1271;2025-06-24;2025;June;6;24;Tuesday;2;dzień pracujący;brak święta;brak wakacji
1272;2025-06-25;2025;June;6;25;Wednesday;3;dzień pracujący;brak święta;brak wakacji
1273;2025-06-26;2025;June;6;26;Thursday;4;dzień pracujący;brak święta;brak wakacji
1274;2025-06-27;2025;June;6;27;Friday;5;dzień pracujący;brak święta;brak wakacji
1275;2025-06-28;2025;June;6;28;Saturday;6;weekend;brak święta;brak wakacji
1276;2025-06-29;2025;June;6;29;Sunday;7;weekend;brak święta;brak wakacji
1277;2025-06-30;2025;June;6;30;Monday;1;dzień pracujący;brak święta;brak wakacji
1278;2025-07-01;2025;July;7;1;Tuesday;2;dzień pracujący;brak święta;wakacje letnie
1279;2025-07-02;2025;July;7;2;Wednesday;3;dzień pracujący;brak święta;wakacje letnie
1280;2025-07-03;2025;July;7;3;Thursday;4;dzień pracujący;brak święta;wakacje letnie
1281;2025-07-04;2025;July;7;4;Friday;5;dzień pracujący;brak święta;wakacje letnie
1282;2025-07-05;2025;July;7;5;Saturday;6;weekend;brak święta;wakacje letnie
1283;2025-07-06;2025;July;7;6;Sunday;7;weekend;brak święta;wakacje letnie
1284;2025-07-07;2025;July;7;7;Monday;1;dzień pracujący;brak święta;wakacje letnie
1285;2025-07-08;2025;July;7;8;Tuesday;2;dzień pracujący;brak święta;wakacje letnie
1286;2025-07-09;2025;July;7;9;Wednesday;3;dzień pracujący;brak święta;wakacje letnie
1287;2025-07-10;2025;July;7;10;Thursday;4;dzień pracujący;brak święta;wakacje letnie
1288;2025-07-11;2025;July;7;11;Friday;5;dzień pracujący;brak święta;wakacje letnie
1289;2025-07-12;2025;July;7;12;Saturday;6;weekend;brak święta;wakacje letnie
1290;2025-07-13;2025;July;7;13;Sunday;7;weekend;brak święta;wakacje letnie
1291;2025-07-14;2025;July;7;14;Monday;1;dzień pracujący;brak święta;wakacje letnie
1292;2025-07-15;2025;July;7;15;Tuesday;2;dzień pracujący;brak święta;wakacje letnie
1293;2025-07-16;2025;July;7;16;Wednesday;3;dzień pracujący;brak święta;wakacje letnie
1294;2025-07-17;2025;July;7;17;Thursday;4;dzień pracujący;brak święta;wakacje letnie
1295;2025-07-18;2025;July;7;18;Friday;5;dzień pracujący;brak święta;wakacje letnie
1296;2025-07-19;2025;July;7;19;Saturday;6;weekend;brak święta;wakacje letnie
1297;2025-07-20;2025;July;7;20;Sunday;7;weekend;brak święta;wakacje letnie
1298;2025-07-21;2025;July;7;21;Monday;1;dzień pracujący;brak święta;wakacje letnie
1299;2025-07-22;2025;July;7;22;Tuesday;2;dzień pracujący;brak święta;wakacje letnie
1300;2025-07-23;2025;July;7;23;Wednesday;3;dzień pracujący;brak święta;wakacje letnie
1301;2025-07-24;2025;July;7;24;Thursday;4;dzień pracujący;brak święta;wakacje letnie
1302;2025-07-25;2025;July;7;25;Friday;5;dzień pracujący;brak święta;wakacje letnie
1303;2025-07-26;2025;July;7;26;Saturday;6;weekend;brak święta;wakacje letnie
1304;2025-07-27;2025;July;7;27;Sunday;7;weekend;brak święta;wakacje letnie
1305;2025-07-28;2025;July;7;28;Monday;1;dzień pracujący;brak święta;wakacje letnie
1306;2025-07-29;2025;July;7;29;Tuesday;2;dzień pracujący;brak święta;wakacje letnie
1307;2025-07-30;2025;July;7;30;Wednesday;3;dzień pracujący;brak święta;wakacje letnie
1308;2025-07-31;2025;July;7;31;Thursday;4;dzień pracujący;brak święta;wakacje letnie
1309;2025-08-01;2025;August;8;1;Friday;5;dzień pracujący;brak święta;wakacje letnie
1310;2025-08-02;2025;August;8;2;Saturday;6;weekend;brak święta;wakacje letnie
1311;2025-08-03;2025;August;8;3;Sunday;7;weekend;brak święta;wakacje letnie
1312;2025-08-04;2025;August;8;4;Monday;1;dzień pracujący;brak święta;wakacje letnie
1313;2025-08-05;2025;August;8;5;Tuesday;2;dzień pracujący;brak święta;wakacje letnie
1314;2025-08-06;2025;August;8;6;Wednesday;3;dzień pracujący;brak święta;wakacje letnie
1315;2025-08-07;2025;August;8;7;Thursday;4;dzień pracujący;brak święta;wakacje letnie
1316;2025-08-08;2025;August;8;8;Friday;5;dzień pracujący;brak święta;wakacje letnie
1317;2025-08-09;2025;August;8;9;Saturday;6;weekend;brak święta;wakacje letnie
1318;2025-08-10;2025;August;8;10;Sunday;7;weekend;brak święta;wakacje letnie
1319;2025-08-11;2025;August;8;11;Monday;1;dzień pracujący;brak święta;wakacje letnie
1320;2025-08-12;2025;August;8;12;Tuesday;2;dzień pracujący;brak święta;wakacje letnie
1321;2025-08-13;2025;August;8;13;Wednesday;3;dzień pracujący;brak święta;wakacje letnie
1322;2025-08-14;2025;August;8;14;Thursday;4;dzień pracujący;brak święta;wakacje letnie
1323;2025-08-15;2025;August;8;15;Friday;5;dzień pracujący;Wniebowstąpienie NMP;wakacje letnie
1324;2025-08-16;2025;August;8;16;Saturday;6;weekend;brak święta;wakacje letnie
1325;2025-08-17;2025;August;8;17;Sunday;7;weekend;brak święta;wakacje letnie
1326;2025-08-18;2025;August;8;18;Monday;1;dzień pracujący;brak święta;wakacje letnie
1327;2025-08-19;2025;August;8;19;Tuesday;2;dzień pracujący;brak święta;wakacje letnie
1328;2025-08-20;2025;August;8;20;Wednesday;3;dzień pracujący;brak święta;wakacje letnie
1329;2025-08-21;2025;August;8;21;Thursday;4;dzień pracujący;brak święta;wakacje letnie
1330;2025-08-22;2025;August;8;22;Friday;5;dzień pracujący;brak święta;wakacje letnie
1331;2025-08-23;2025;August;8;23;Saturday;6;weekend;brak święta;wakacje letnie
1332;2025-08-24;2025;August;8;24;Sunday;7;weekend;brak święta;wakacje letnie
1333;2025-08-25;2025;August;8;25;Monday;1;dzień pracujący;brak święta;wakacje letnie
1334;2025-08-26;2025;August;8;26;Tuesday;2;dzień pracujący;brak święta;wakacje letnie
1335;2025-08-27;2025;August;8;27;Wednesday;3;dzień pracujący;brak święta;wakacje letnie
1336;2025-08-28;2025;August;8;28;Thursday;4;dzień pracujący;brak święta;wakacje letnie
1337;2025-08-29;2025;August;8;29;Friday;5;dzień pracujący;brak święta;wakacje letnie
1338;2025-08-30;2025;August;8;30;Saturday;6;weekend;brak święta;wakacje letnie
1339;2025-08-31;2025;August;8;31;Sunday;7;weekend;brak święta;wakacje letnie
1340;2025-09-01;2025;September;9;1;Monday;1;dzień pracujący;brak święta;brak wakacji
1341;2025-09-02;2025;September;9;2;Tuesday;2;dzień pracujący;brak święta;brak wakacji
1342;2025-09-03;2025;September;9;3;Wednesday;3;dzień pracujący;brak święta;brak wakacji
1343;2025-09-04;2025;September;9;4;Thursday;4;dzień pracujący;brak święta;brak wakacji
1344;2025-09-05;2025;September;9;5;Friday;5;dzień pracujący;brak święta;brak wakacji
1345;2025-09-06;2025;September;9;6;Saturday;6;weekend;brak święta;brak wakacji
1346;2025-09-07;2025;September;9;7;Sunday;7;weekend;brak święta;brak wakacji
1347;2025-09-08;2025;September;9;8;Monday;1;dzień pracujący;brak święta;brak wakacji
1348;2025-09-09;2025;September;9;9;Tuesday;2;dzień pracujący;brak święta;brak wakacji
1349;2025-09-10;2025;September;9;10;Wednesday;3;dzień pracujący;brak święta;brak wakacji
1350;2025-09-11;2025;September;9;11;Thursday;4;dzień pracujący;brak święta;brak wakacji
1351;2025-09-12;2025;September;9;12;Friday;5;dzień pracujący;brak święta;brak wakacji
1352;2025-09-13;2025;September;9;13;Saturday;6;weekend;brak święta;brak wakacji
1353;2025-09-14;2025;September;9;14;Sunday;7;weekend;brak święta;brak wakacji
1354;2025-09-15;2025;September;9;15;Monday;1;dzień pracujący;brak święta;brak wakacji
1355;2025-09-16;2025;September;9;16;Tuesday;2;dzień pracujący;brak święta;brak wakacji
1356;2025-09-17;2025;September;9;17;Wednesday;3;dzień pracujący;brak święta;brak wakacji
1357;2025-09-18;2025;September;9;18;Thursday;4;dzień pracujący;brak święta;brak wakacji
1358;2025-09-19;2025;September;9;19;Friday;5;dzień pracujący;brak święta;brak wakacji
1359;2025-09-20;2025;September;9;20;Saturday;6;weekend;brak święta;brak wakacji
1360;2025-09-21;2025;September;9;21;Sunday;7;weekend;brak święta;brak wakacji
1361;2025-09-22;2025;September;9;22;Monday;1;dzień pracujący;brak święta;brak wakacji
1362;2025-09-23;2025;September;9;23;Tuesday;2;dzień pracujący;brak święta;brak wakacji
1363;2025-09-24;2025;September;9;24;Wednesday;3;dzień pracujący;brak święta;brak wakacji
1364;2025-09-25;2025;September;9;25;Thursday;4;dzień pracujący;brak święta;brak wakacji
1365;2025-09-26;2025;September;9;26;Friday;5;dzień pracujący;brak święta;brak wakacji
1366;2025-09-27;2025;September;9;27;Saturday;6;weekend;brak święta;brak wakacji
1367;2025-09-28;2025;September;9;28;Sunday;7;weekend;brak święta;brak wakacji
1368;2025-09-29;2025;September;9;29;Monday;1;dzień pracujący;brak święta;brak wakacji
1369;2025-09-30;2025;September;9;30;Tuesday;2;dzień pracujący;brak święta;brak wakacji
1370;2025-10-01;2025;October;10;1;Wednesday;3;dzień pracujący;brak święta;brak wakacji
1371;2025-10-02;2025;October;10;2;Thursday;4;dzień pracujący;brak święta;brak wakacji
1372;2025-10-03;2025;October;10;3;Friday;5;dzień pracujący;brak święta;brak wakacji
1373;2025-10-04;2025;October;10;4;Saturday;6;weekend;brak święta;brak wakacji
1374;2025-10-05;2025;October;10;5;Sunday;7;weekend;brak święta;brak wakacji
1375;2025-10-06;2025;October;10;6;Monday;1;dzień pracujący;brak święta;brak wakacji
1376;2025-10-07;2025;October;10;7;Tuesday;2;dzień pracujący;brak święta;brak wakacji
1377;2025-10-08;2025;October;10;8;Wednesday;3;dzień pracujący;brak święta;brak wakacji
1378;2025-10-09;2025;October;10;9;Thursday;4;dzień pracujący;brak święta;brak wakacji
1379;2025-10-10;2025;October;10;10;Friday;5;dzień pracujący;brak święta;brak wakacji
1380;2025-10-11;2025;October;10;11;Saturday;6;weekend;brak święta;brak wakacji
1381;2025-10-12;2025;October;10;12;Sunday;7;weekend;brak święta;brak wakacji
1382;2025-10-13;2025;October;10;13;Monday;1;dzień pracujący;brak święta;brak wakacji
1383;2025-10-14;2025;October;10;14;Tuesday;2;dzień pracujący;brak święta;brak wakacji
1384;2025-10-15;2025;October;10;15;Wednesday;3;dzień pracujący;brak święta;brak wakacji
1385;2025-10-16;2025;October;10;16;Thursday;4;dzień pracujący;brak święta;brak wakacji
1386;2025-10-17;2025;October;10;17;Friday;5;dzień pracujący;brak święta;brak wakacji
1387;2025-10-18;2025;October;10;18;Saturday;6;weekend;brak święta;brak wakacji
1388;2025-10-19;2025;October;10;19;Sunday;7;weekend;brak święta;brak wakacji
1389;2025-10-20;2025;October;10;20;Monday;1;dzień pracujący;brak święta;brak wakacji
1390;2025-10-21;2025;October;10;21;Tuesday;2;dzień pracujący;brak święta;brak wakacji
1391;2025-10-22;2025;October;10;22;Wednesday;3;dzień pracujący;brak święta;brak wakacji
1392;2025-10-23;2025;October;10;23;Thursday;4;dzień pracujący;brak święta;brak wakacji
1393;2025-10-24;2025;October;10;24;Friday;5;dzień pracujący;brak święta;brak wakacji
1394;2025-10-25;2025;October;10;25;Saturday;6;weekend;brak święta;brak wakacji
1395;2025-10-26;2025;October;10;26;Sunday;7;weekend;brak święta;brak wakacji
1396;2025-10-27;2025;October;10;27;Monday;1;dzień pracujący;brak święta;brak wakacji
1397;2025-10-28;2025;October;10;28;Tuesday;2;dzień pracujący;brak święta;brak wakacji
1398;2025-10-29;2025;October;10;29;Wednesday;3;dzień pracujący;brak święta;brak wakacji
1399;2025-10-30;2025;October;10;30;Thursday;4;dzień pracujący;brak święta;brak wakacji
1400;2025-10-31;2025;October;10;31;Friday;5;dzień pracujący;brak święta;brak wakacji
